,",5.000000,57.000000"
0,"0,5.02,55.0"
1,"1,5.04,57.0"
2,"2,5.06,56.0"
3,"3,5.08,68.0"
4,"4,5.1,50.0"
5,"5,5.12,67.0"
6,"6,5.14,56.0"
7,"7,5.16,69.0"
8,"8,5.18,50.0"
9,"9,5.2,66.0"
10,"10,5.22,61.0"
11,"11,5.24,50.0"
12,"12,5.26,47.0"
13,"13,5.28,56.0"
14,"14,5.3,54.0"
15,"15,5.32,56.0"
16,"16,5.34,53.0"
17,"17,5.36,47.0"
18,"18,5.38,49.0"
19,"19,5.4,63.0"
20,"20,5.42,64.0"
21,"21,5.44,46.0"
22,"22,5.46,48.0"
23,"23,5.48,42.0"
24,"24,5.5,44.0"
25,"25,5.52,47.0"
26,"26,5.54,53.0"
27,"27,5.56,55.0"
28,"28,5.58,41.0"
29,"29,5.6,50.0"
30,"30,5.62,50.0"
31,"31,5.64,56.0"
32,"32,5.66,58.0"
33,"33,5.68,57.0"
34,"34,5.7,48.0"
35,"35,5.72,62.0"
36,"36,5.74,50.0"
37,"37,5.76,40.0"
38,"38,5.78,50.0"
39,"39,5.8,47.0"
40,"40,5.82,58.0"
41,"41,5.84,43.0"
42,"42,5.86,56.0"
43,"43,5.88,46.0"
44,"44,5.9,50.0"
45,"45,5.92,62.0"
46,"46,5.94,36.0"
47,"47,5.96,41.0"
48,"48,5.98,38.0"
49,"49,6.0,51.0"
50,"50,6.02,53.0"
51,"51,6.04,43.0"
52,"52,6.06,41.0"
53,"53,6.08,56.0"
54,"54,6.1,53.0"
55,"55,6.12,47.0"
56,"56,6.14,51.0"
57,"57,6.16,47.0"
58,"58,6.18,41.0"
59,"59,6.2,39.0"
60,"60,6.22,38.0"
61,"61,6.24,48.0"
62,"62,6.26,48.0"
63,"63,6.28,42.0"
64,"64,6.3,45.0"
65,"65,6.32,33.0"
66,"66,6.34,40.0"
67,"67,6.36,40.0"
68,"68,6.38,39.0"
69,"69,6.4,39.0"
70,"70,6.42,34.0"
71,"71,6.44,50.0"
72,"72,6.46,32.0"
73,"73,6.48,44.0"
74,"74,6.5,47.0"
75,"75,6.52,48.0"
76,"76,6.54,47.0"
77,"77,6.56,47.0"
78,"78,6.58,43.0"
79,"79,6.6,36.0"
80,"80,6.62,42.0"
81,"81,6.64,50.0"
82,"82,6.66,30.0"
83,"83,6.68,29.0"
84,"84,6.7,43.0"
85,"85,6.72,41.0"
86,"86,6.74,38.0"
87,"87,6.76,38.0"
88,"88,6.78,51.0"
89,"89,6.8,38.0"
90,"90,6.82,48.0"
91,"91,6.84,39.0"
92,"92,6.86,35.0"
93,"93,6.88,47.0"
94,"94,6.9,43.0"
95,"95,6.92,33.0"
96,"96,6.94,40.0"
97,"97,6.96,37.0"
98,"98,6.98,45.0"
99,"99,7.0,39.0"
100,"100,7.02,48.0"
101,"101,7.04,47.0"
102,"102,7.06,32.0"
103,"103,7.08,43.0"
104,"104,7.1,38.0"
105,"105,7.12,42.0"
106,"106,7.14,44.0"
107,"107,7.16,39.0"
108,"108,7.18,47.0"
109,"109,7.2,31.0"
110,"110,7.22,36.0"
111,"111,7.24,40.0"
112,"112,7.26,42.0"
113,"113,7.28,45.0"
114,"114,7.3,40.0"
115,"115,7.32,41.0"
116,"116,7.34,43.0"
117,"117,7.36,36.0"
118,"118,7.38,33.0"
119,"119,7.4,35.0"
120,"120,7.42,36.0"
121,"121,7.44,41.0"
122,"122,7.46,30.0"
123,"123,7.48,43.0"
124,"124,7.5,41.0"
125,"125,7.52,37.0"
126,"126,7.54,52.0"
127,"127,7.56,52.0"
128,"128,7.58,40.0"
129,"129,7.6,50.0"
130,"130,7.62,41.0"
131,"131,7.64,49.0"
132,"132,7.66,53.0"
133,"133,7.68,56.0"
134,"134,7.7,47.0"
135,"135,7.72,58.0"
136,"136,7.74,59.0"
137,"137,7.76,54.0"
138,"138,7.78,79.0"
139,"139,7.8,88.0"
140,"140,7.82,98.0"
141,"141,7.84,89.0"
142,"142,7.86,86.0"
143,"143,7.88,84.0"
144,"144,7.9,56.0"
145,"145,7.92,65.0"
146,"146,7.94,66.0"
147,"147,7.96,49.0"
148,"148,7.98,46.0"
149,"149,8.0,50.0"
150,"150,8.02,41.0"
151,"151,8.04,42.0"
152,"152,8.06,47.0"
153,"153,8.08,48.0"
154,"154,8.1,35.0"
155,"155,8.12,30.0"
156,"156,8.14,40.0"
157,"157,8.16,45.0"
158,"158,8.18,39.0"
159,"159,8.2,51.0"
160,"160,8.22,27.0"
161,"161,8.24,35.0"
162,"162,8.26,44.0"
163,"163,8.28,35.0"
164,"164,8.3,36.0"
165,"165,8.32,29.0"
166,"166,8.34,34.0"
167,"167,8.36,32.0"
168,"168,8.38,43.0"
169,"169,8.4,35.0"
170,"170,8.42,35.0"
171,"171,8.44,40.0"
172,"172,8.46,32.0"
173,"173,8.48,29.0"
174,"174,8.5,23.0"
175,"175,8.52,35.0"
176,"176,8.54,36.0"
177,"177,8.56,36.0"
178,"178,8.58,37.0"
179,"179,8.6,35.0"
180,"180,8.62,45.0"
181,"181,8.64,45.0"
182,"182,8.66,26.0"
183,"183,8.68,37.0"
184,"184,8.7,35.0"
185,"185,8.72,34.0"
186,"186,8.74,15.0"
187,"187,8.76,32.0"
188,"188,8.78,34.0"
189,"189,8.8,45.0"
190,"190,8.82,36.0"
191,"191,8.84,29.0"
192,"192,8.86,35.0"
193,"193,8.88,34.0"
194,"194,8.9,28.0"
195,"195,8.92,27.0"
196,"196,8.94,40.0"
197,"197,8.96,31.0"
198,"198,8.98,25.0"
199,"199,9.0,32.0"
200,"200,9.02,29.0"
201,"201,9.04,36.0"
202,"202,9.06,31.0"
203,"203,9.08,23.0"
204,"204,9.1,20.0"
205,"205,9.12,27.0"
206,"206,9.14,32.0"
207,"207,9.16,28.0"
208,"208,9.18,27.0"
209,"209,9.2,21.0"
210,"210,9.22,33.0"
211,"211,9.24,27.0"
212,"212,9.26,27.0"
213,"213,9.28,32.0"
214,"214,9.3,30.0"
215,"215,9.32,37.0"
216,"216,9.34,29.0"
217,"217,9.36,31.0"
218,"218,9.38,26.0"
219,"219,9.4,20.0"
220,"220,9.42,24.0"
221,"221,9.44,29.0"
222,"222,9.46,32.0"
223,"223,9.48,30.0"
224,"224,9.5,25.0"
225,"225,9.52,18.0"
226,"226,9.54,28.0"
227,"227,9.56,18.0"
228,"228,9.58,29.0"
229,"229,9.6,23.0"
230,"230,9.62,30.0"
231,"231,9.64,26.0"
232,"232,9.66,22.0"
233,"233,9.68,22.0"
234,"234,9.7,31.0"
235,"235,9.72,29.0"
236,"236,9.74,23.0"
237,"237,9.76,23.0"
238,"238,9.78,23.0"
239,"239,9.8,26.0"
240,"240,9.82,25.0"
241,"241,9.84,33.0"
242,"242,9.86,19.0"
243,"243,9.88,22.0"
244,"244,9.9,24.0"
245,"245,9.92,26.0"
246,"246,9.94,38.0"
247,"247,9.96,21.0"
248,"248,9.98,32.0"
249,"249,10.0,25.0"
250,"250,10.02,17.0"
251,"251,10.04,23.0"
252,"252,10.06,17.0"
253,"253,10.08,18.0"
254,"254,10.1,25.0"
255,"255,10.12,26.0"
256,"256,10.14,35.0"
257,"257,10.16,22.0"
258,"258,10.18,33.0"
259,"259,10.2,25.0"
260,"260,10.22,30.0"
261,"261,10.24,30.0"
262,"262,10.26,17.0"
263,"263,10.28,19.0"
264,"264,10.3,19.0"
265,"265,10.32,25.0"
266,"266,10.34,28.0"
267,"267,10.36,19.0"
268,"268,10.38,21.0"
269,"269,10.4,20.0"
270,"270,10.42,20.0"
271,"271,10.44,24.0"
272,"272,10.46,21.0"
273,"273,10.48,25.0"
274,"274,10.5,24.0"
275,"275,10.52,24.0"
276,"276,10.54,25.0"
277,"277,10.56,22.0"
278,"278,10.58,23.0"
279,"279,10.6,17.0"
280,"280,10.62,21.0"
281,"281,10.64,28.0"
282,"282,10.66,22.0"
283,"283,10.68,18.0"
284,"284,10.7,22.0"
285,"285,10.72,17.0"
286,"286,10.74,20.0"
287,"287,10.76,22.0"
288,"288,10.78,23.0"
289,"289,10.8,14.0"
290,"290,10.82,22.0"
291,"291,10.84,20.0"
292,"292,10.86,19.0"
293,"293,10.88,24.0"
294,"294,10.9,14.0"
295,"295,10.92,24.0"
296,"296,10.94,28.0"
297,"297,10.96,27.0"
298,"298,10.98,18.0"
299,"299,11.0,23.0"
300,"300,11.02,17.0"
301,"301,11.04,27.0"
302,"302,11.06,31.0"
303,"303,11.08,24.0"
304,"304,11.1,20.0"
305,"305,11.12,12.0"
306,"306,11.14,22.0"
307,"307,11.16,24.0"
308,"308,11.18,20.0"
309,"309,11.2,22.0"
310,"310,11.22,38.0"
311,"311,11.24,26.0"
312,"312,11.26,27.0"
313,"313,11.28,21.0"
314,"314,11.3,13.0"
315,"315,11.32,20.0"
316,"316,11.34,25.0"
317,"317,11.36,27.0"
318,"318,11.38,14.0"
319,"319,11.4,20.0"
320,"320,11.42,25.0"
321,"321,11.44,28.0"
322,"322,11.46,17.0"
323,"323,11.48,19.0"
324,"324,11.5,22.0"
325,"325,11.52,18.0"
326,"326,11.54,21.0"
327,"327,11.56,23.0"
328,"328,11.58,27.0"
329,"329,11.6,18.0"
330,"330,11.62,26.0"
331,"331,11.64,22.0"
332,"332,11.66,19.0"
333,"333,11.68,18.0"
334,"334,11.7,17.0"
335,"335,11.72,23.0"
336,"336,11.74,26.0"
337,"337,11.76,15.0"
338,"338,11.78,20.0"
339,"339,11.8,25.0"
340,"340,11.82,25.0"
341,"341,11.84,29.0"
342,"342,11.86,15.0"
343,"343,11.88,35.0"
344,"344,11.9,33.0"
345,"345,11.92,18.0"
346,"346,11.94,13.0"
347,"347,11.96,29.0"
348,"348,11.98,18.0"
349,"349,12.0,16.0"
350,"350,12.02,23.0"
351,"351,12.04,31.0"
352,"352,12.06,30.0"
353,"353,12.08,25.0"
354,"354,12.1,29.0"
355,"355,12.12,14.0"
356,"356,12.14,15.0"
357,"357,12.16,20.0"
358,"358,12.18,24.0"
359,"359,12.2,21.0"
360,"360,12.22,16.0"
361,"361,12.24,15.0"
362,"362,12.26,20.0"
363,"363,12.28,26.0"
364,"364,12.3,18.0"
365,"365,12.32,25.0"
366,"366,12.34,19.0"
367,"367,12.36,22.0"
368,"368,12.38,21.0"
369,"369,12.4,22.0"
370,"370,12.42,28.0"
371,"371,12.44,19.0"
372,"372,12.46,19.0"
373,"373,12.48,34.0"
374,"374,12.5,26.0"
375,"375,12.52,31.0"
376,"376,12.54,15.0"
377,"377,12.56,21.0"
378,"378,12.58,22.0"
379,"379,12.6,16.0"
380,"380,12.62,19.0"
381,"381,12.64,20.0"
382,"382,12.66,27.0"
383,"383,12.68,28.0"
384,"384,12.7,14.0"
385,"385,12.72,21.0"
386,"386,12.74,25.0"
387,"387,12.76,19.0"
388,"388,12.78,15.0"
389,"389,12.8,23.0"
390,"390,12.82,17.0"
391,"391,12.84,26.0"
392,"392,12.86,24.0"
393,"393,12.88,23.0"
394,"394,12.9,15.0"
395,"395,12.92,19.0"
396,"396,12.94,12.0"
397,"397,12.96,21.0"
398,"398,12.98,17.0"
399,"399,13.0,16.0"
400,"400,13.02,16.0"
401,"401,13.04,27.0"
402,"402,13.06,19.0"
403,"403,13.08,21.0"
404,"404,13.1,22.0"
405,"405,13.12,23.0"
406,"406,13.14,20.0"
407,"407,13.16,26.0"
408,"408,13.18,19.0"
409,"409,13.2,26.0"
410,"410,13.22,19.0"
411,"411,13.24,19.0"
412,"412,13.26,16.0"
413,"413,13.28,22.0"
414,"414,13.3,14.0"
415,"415,13.32,26.0"
416,"416,13.34,26.0"
417,"417,13.36,25.0"
418,"418,13.38,27.0"
419,"419,13.4,18.0"
420,"420,13.42,36.0"
421,"421,13.44,19.0"
422,"422,13.46,17.0"
423,"423,13.48,20.0"
424,"424,13.5,16.0"
425,"425,13.52,18.0"
426,"426,13.54,22.0"
427,"427,13.56,16.0"
428,"428,13.58,23.0"
429,"429,13.6,24.0"
430,"430,13.62,24.0"
431,"431,13.64,30.0"
432,"432,13.66,36.0"
433,"433,13.68,12.0"
434,"434,13.7,21.0"
435,"435,13.72,24.0"
436,"436,13.74,20.0"
437,"437,13.76,19.0"
438,"438,13.78,23.0"
439,"439,13.8,17.0"
440,"440,13.82,17.0"
441,"441,13.84,28.0"
442,"442,13.86,28.0"
443,"443,13.88,20.0"
444,"444,13.9,27.0"
445,"445,13.92,25.0"
446,"446,13.94,25.0"
447,"447,13.96,33.0"
448,"448,13.98,21.0"
449,"449,14.0,27.0"
450,"450,14.02,23.0"
451,"451,14.04,22.0"
452,"452,14.06,14.0"
453,"453,14.08,25.0"
454,"454,14.1,15.0"
455,"455,14.12,21.0"
456,"456,14.14,27.0"
457,"457,14.16,23.0"
458,"458,14.18,22.0"
459,"459,14.2,22.0"
460,"460,14.22,13.0"
461,"461,14.24,23.0"
462,"462,14.26,20.0"
463,"463,14.28,18.0"
464,"464,14.3,24.0"
465,"465,14.32,19.0"
466,"466,14.34,16.0"
467,"467,14.36,24.0"
468,"468,14.38,18.0"
469,"469,14.4,19.0"
470,"470,14.42,18.0"
471,"471,14.44,15.0"
472,"472,14.46,18.0"
473,"473,14.48,19.0"
474,"474,14.5,18.0"
475,"475,14.52,17.0"
476,"476,14.54,19.0"
477,"477,14.56,17.0"
478,"478,14.58,25.0"
479,"479,14.6,22.0"
480,"480,14.62,24.0"
481,"481,14.64,18.0"
482,"482,14.66,23.0"
483,"483,14.68,18.0"
484,"484,14.7,25.0"
485,"485,14.72,21.0"
486,"486,14.74,13.0"
487,"487,14.76,19.0"
488,"488,14.78,22.0"
489,"489,14.8,20.0"
490,"490,14.82,17.0"
491,"491,14.84,19.0"
492,"492,14.86,24.0"
493,"493,14.88,13.0"
494,"494,14.9,22.0"
495,"495,14.92,24.0"
496,"496,14.94,17.0"
497,"497,14.96,25.0"
498,"498,14.98,20.0"
499,"499,15.0,27.0"
500,"500,15.02,25.0"
501,"501,15.04,28.0"
502,"502,15.06,14.0"
503,"503,15.08,18.0"
504,"504,15.1,26.0"
505,"505,15.12,19.0"
506,"506,15.14,22.0"
507,"507,15.16,24.0"
508,"508,15.18,19.0"
509,"509,15.2,27.0"
510,"510,15.22,14.0"
511,"511,15.24,20.0"
512,"512,15.26,19.0"
513,"513,15.28,18.0"
514,"514,15.3,23.0"
515,"515,15.32,16.0"
516,"516,15.34,22.0"
517,"517,15.36,24.0"
518,"518,15.38,19.0"
519,"519,15.4,21.0"
520,"520,15.42,18.0"
521,"521,15.44,17.0"
522,"522,15.46,18.0"
523,"523,15.48,28.0"
524,"524,15.5,19.0"
525,"525,15.52,15.0"
526,"526,15.54,20.0"
527,"527,15.56,32.0"
528,"528,15.58,16.0"
529,"529,15.6,15.0"
530,"530,15.62,26.0"
531,"531,15.64,25.0"
532,"532,15.66,23.0"
533,"533,15.68,32.0"
534,"534,15.7,17.0"
535,"535,15.72,26.0"
536,"536,15.74,19.0"
537,"537,15.76,17.0"
538,"538,15.78,29.0"
539,"539,15.8,32.0"
540,"540,15.82,32.0"
541,"541,15.84,31.0"
542,"542,15.86,31.0"
543,"543,15.88,24.0"
544,"544,15.9,20.0"
545,"545,15.92,19.0"
546,"546,15.94,19.0"
547,"547,15.96,31.0"
548,"548,15.98,31.0"
549,"549,16.0,25.0"
550,"550,16.02,25.0"
551,"551,16.04,21.0"
552,"552,16.06,27.0"
553,"553,16.08,28.0"
554,"554,16.1,34.0"
555,"555,16.12,28.0"
556,"556,16.14,33.0"
557,"557,16.16,26.0"
558,"558,16.18,39.0"
559,"559,16.2,34.0"
560,"560,16.22,37.0"
561,"561,16.24,24.0"
562,"562,16.26,23.0"
563,"563,16.28,28.0"
564,"564,16.3,24.0"
565,"565,16.32,22.0"
566,"566,16.34,26.0"
567,"567,16.36,22.0"
568,"568,16.38,21.0"
569,"569,16.4,23.0"
570,"570,16.42,15.0"
571,"571,16.44,22.0"
572,"572,16.46,26.0"
573,"573,16.48,26.0"
574,"574,16.5,18.0"
575,"575,16.52,15.0"
576,"576,16.54,17.0"
577,"577,16.56,31.0"
578,"578,16.58,26.0"
579,"579,16.6,29.0"
580,"580,16.62,17.0"
581,"581,16.64,30.0"
582,"582,16.66,27.0"
583,"583,16.68,13.0"
584,"584,16.7,21.0"
585,"585,16.72,21.0"
586,"586,16.74,17.0"
587,"587,16.76,21.0"
588,"588,16.78,31.0"
589,"589,16.8,17.0"
590,"590,16.82,11.0"
591,"591,16.84,17.0"
592,"592,16.86,22.0"
593,"593,16.88,25.0"
594,"594,16.9,18.0"
595,"595,16.92,23.0"
596,"596,16.94,17.0"
597,"597,16.96,29.0"
598,"598,16.98,28.0"
599,"599,17.0,23.0"
600,"600,17.02,24.0"
601,"601,17.04,24.0"
602,"602,17.06,12.0"
603,"603,17.08,21.0"
604,"604,17.1,26.0"
605,"605,17.12,23.0"
606,"606,17.14,27.0"
607,"607,17.16,24.0"
608,"608,17.18,21.0"
609,"609,17.2,21.0"
610,"610,17.22,25.0"
611,"611,17.24,19.0"
612,"612,17.26,17.0"
613,"613,17.28,18.0"
614,"614,17.3,19.0"
615,"615,17.32,15.0"
616,"616,17.34,14.0"
617,"617,17.36,16.0"
618,"618,17.38,23.0"
619,"619,17.4,21.0"
620,"620,17.42,16.0"
621,"621,17.44,24.0"
622,"622,17.46,19.0"
623,"623,17.48,22.0"
624,"624,17.5,26.0"
625,"625,17.52,32.0"
626,"626,17.54,24.0"
627,"627,17.56,22.0"
628,"628,17.58,22.0"
629,"629,17.6,23.0"
630,"630,17.62,26.0"
631,"631,17.64,22.0"
632,"632,17.66,26.0"
633,"633,17.68,14.0"
634,"634,17.7,19.0"
635,"635,17.72,25.0"
636,"636,17.74,28.0"
637,"637,17.76,20.0"
638,"638,17.78,18.0"
639,"639,17.8,25.0"
640,"640,17.82,16.0"
641,"641,17.84,20.0"
642,"642,17.86,24.0"
643,"643,17.88,10.0"
644,"644,17.9,22.0"
645,"645,17.92,22.0"
646,"646,17.94,29.0"
647,"647,17.96,25.0"
648,"648,17.98,18.0"
649,"649,18.0,17.0"
650,"650,18.02,29.0"
651,"651,18.04,26.0"
652,"652,18.06,14.0"
653,"653,18.08,16.0"
654,"654,18.1,15.0"
655,"655,18.12,23.0"
656,"656,18.14,22.0"
657,"657,18.16,17.0"
658,"658,18.18,17.0"
659,"659,18.2,22.0"
660,"660,18.22,13.0"
661,"661,18.24,22.0"
662,"662,18.26,20.0"
663,"663,18.28,24.0"
664,"664,18.3,21.0"
665,"665,18.32,22.0"
666,"666,18.34,23.0"
667,"667,18.36,19.0"
668,"668,18.38,26.0"
669,"669,18.4,15.0"
670,"670,18.42,18.0"
671,"671,18.44,19.0"
672,"672,18.46,28.0"
673,"673,18.48,15.0"
674,"674,18.5,23.0"
675,"675,18.52,28.0"
676,"676,18.54,22.0"
677,"677,18.56,21.0"
678,"678,18.58,12.0"
679,"679,18.6,20.0"
680,"680,18.62,20.0"
681,"681,18.64,21.0"
682,"682,18.66,12.0"
683,"683,18.68,20.0"
684,"684,18.7,21.0"
685,"685,18.72,16.0"
686,"686,18.74,12.0"
687,"687,18.76,24.0"
688,"688,18.78,33.0"
689,"689,18.8,25.0"
690,"690,18.82,24.0"
691,"691,18.84,16.0"
692,"692,18.86,22.0"
693,"693,18.88,13.0"
694,"694,18.9,12.0"
695,"695,18.92,19.0"
696,"696,18.94,17.0"
697,"697,18.96,27.0"
698,"698,18.98,20.0"
699,"699,19.0,21.0"
700,"700,19.02,21.0"
701,"701,19.04,15.0"
702,"702,19.06,22.0"
703,"703,19.08,22.0"
704,"704,19.1,22.0"
705,"705,19.12,15.0"
706,"706,19.14,19.0"
707,"707,19.16,18.0"
708,"708,19.18,15.0"
709,"709,19.2,21.0"
710,"710,19.22,22.0"
711,"711,19.24,21.0"
712,"712,19.26,25.0"
713,"713,19.28,11.0"
714,"714,19.3,10.0"
715,"715,19.32,29.0"
716,"716,19.34,16.0"
717,"717,19.36,20.0"
718,"718,19.38,15.0"
719,"719,19.4,24.0"
720,"720,19.42,18.0"
721,"721,19.44,18.0"
722,"722,19.46,20.0"
723,"723,19.48,19.0"
724,"724,19.5,20.0"
725,"725,19.52,23.0"
726,"726,19.54,22.0"
727,"727,19.56,14.0"
728,"728,19.58,20.0"
729,"729,19.6,21.0"
730,"730,19.62,16.0"
731,"731,19.64,34.0"
732,"732,19.66,20.0"
733,"733,19.68,19.0"
734,"734,19.7,14.0"
735,"735,19.72,19.0"
736,"736,19.74,22.0"
737,"737,19.76,22.0"
738,"738,19.78,15.0"
739,"739,19.8,27.0"
740,"740,19.82,26.0"
741,"741,19.84,17.0"
742,"742,19.86,21.0"
743,"743,19.88,24.0"
744,"744,19.9,24.0"
745,"745,19.92,18.0"
746,"746,19.94,34.0"
747,"747,19.96,11.0"
748,"748,19.98,25.0"
749,"749,20.0,17.0"
750,"750,20.02,15.0"
751,"751,20.04,26.0"
752,"752,20.06,13.0"
753,"753,20.08,11.0"
754,"754,20.1,15.0"
755,"755,20.12,26.0"
756,"756,20.14,19.0"
757,"757,20.16,23.0"
758,"758,20.18,16.0"
759,"759,20.2,15.0"
760,"760,20.22,21.0"
761,"761,20.24,18.0"
762,"762,20.26,16.0"
763,"763,20.28,20.0"
764,"764,20.3,17.0"
765,"765,20.32,24.0"
766,"766,20.34,21.0"
767,"767,20.36,25.0"
768,"768,20.38,17.0"
769,"769,20.4,28.0"
770,"770,20.42,21.0"
771,"771,20.44,28.0"
772,"772,20.46,32.0"
773,"773,20.48,32.0"
774,"774,20.5,25.0"
775,"775,20.52,39.0"
776,"776,20.54,34.0"
777,"777,20.56,31.0"
778,"778,20.58,52.0"
779,"779,20.6,39.0"
780,"780,20.62,54.0"
781,"781,20.64,45.0"
782,"782,20.66,45.0"
783,"783,20.68,70.0"
784,"784,20.7,78.0"
785,"785,20.72,140.0"
786,"786,20.74,204.0"
787,"787,20.76,385.0"
788,"788,20.78,737.0"
789,"789,20.8,1171.0"
790,"790,20.82,2160.0"
791,"791,20.84,2597.0"
792,"792,20.86,1485.0"
793,"793,20.88,1256.0"
794,"794,20.9,924.0"
795,"795,20.92,334.0"
796,"796,20.94,133.0"
797,"797,20.96,94.0"
798,"798,20.98,60.0"
799,"799,21.0,63.0"
800,"800,21.02,56.0"
801,"801,21.04,61.0"
802,"802,21.06,54.0"
803,"803,21.08,46.0"
804,"804,21.1,50.0"
805,"805,21.12,37.0"
806,"806,21.14,33.0"
807,"807,21.16,39.0"
808,"808,21.18,33.0"
809,"809,21.2,28.0"
810,"810,21.22,21.0"
811,"811,21.24,18.0"
812,"812,21.26,12.0"
813,"813,21.28,17.0"
814,"814,21.3,31.0"
815,"815,21.32,24.0"
816,"816,21.34,20.0"
817,"817,21.36,22.0"
818,"818,21.38,22.0"
819,"819,21.4,24.0"
820,"820,21.42,25.0"
821,"821,21.44,15.0"
822,"822,21.46,32.0"
823,"823,21.48,25.0"
824,"824,21.5,18.0"
825,"825,21.52,19.0"
826,"826,21.54,21.0"
827,"827,21.56,32.0"
828,"828,21.58,20.0"
829,"829,21.6,20.0"
830,"830,21.62,18.0"
831,"831,21.64,13.0"
832,"832,21.66,25.0"
833,"833,21.68,25.0"
834,"834,21.7,24.0"
835,"835,21.72,15.0"
836,"836,21.74,23.0"
837,"837,21.76,18.0"
838,"838,21.78,16.0"
839,"839,21.8,14.0"
840,"840,21.82,16.0"
841,"841,21.84,22.0"
842,"842,21.86,15.0"
843,"843,21.88,16.0"
844,"844,21.9,18.0"
845,"845,21.92,23.0"
846,"846,21.94,23.0"
847,"847,21.96,20.0"
848,"848,21.98,19.0"
849,"849,22.0,31.0"
850,"850,22.02,27.0"
851,"851,22.04,18.0"
852,"852,22.06,17.0"
853,"853,22.08,14.0"
854,"854,22.1,11.0"
855,"855,22.12,27.0"
856,"856,22.14,23.0"
857,"857,22.16,22.0"
858,"858,22.18,24.0"
859,"859,22.2,12.0"
860,"860,22.22,23.0"
861,"861,22.24,26.0"
862,"862,22.26,18.0"
863,"863,22.28,26.0"
864,"864,22.3,28.0"
865,"865,22.32,23.0"
866,"866,22.34,19.0"
867,"867,22.36,30.0"
868,"868,22.38,22.0"
869,"869,22.4,27.0"
870,"870,22.42,14.0"
871,"871,22.44,24.0"
872,"872,22.46,18.0"
873,"873,22.48,20.0"
874,"874,22.5,24.0"
875,"875,22.52,30.0"
876,"876,22.54,31.0"
877,"877,22.56,20.0"
878,"878,22.58,35.0"
879,"879,22.6,22.0"
880,"880,22.62,21.0"
881,"881,22.64,35.0"
882,"882,22.66,17.0"
883,"883,22.68,29.0"
884,"884,22.7,20.0"
885,"885,22.72,18.0"
886,"886,22.74,19.0"
887,"887,22.76,30.0"
888,"888,22.78,18.0"
889,"889,22.8,21.0"
890,"890,22.82,27.0"
891,"891,22.84,18.0"
892,"892,22.86,21.0"
893,"893,22.88,21.0"
894,"894,22.9,27.0"
895,"895,22.92,27.0"
896,"896,22.94,23.0"
897,"897,22.96,22.0"
898,"898,22.98,27.0"
899,"899,23.0,10.0"
900,"900,23.02,29.0"
901,"901,23.04,32.0"
902,"902,23.06,29.0"
903,"903,23.08,19.0"
904,"904,23.1,20.0"
905,"905,23.12,19.0"
906,"906,23.14,21.0"
907,"907,23.16,29.0"
908,"908,23.18,25.0"
909,"909,23.2,24.0"
910,"910,23.22,17.0"
911,"911,23.24,30.0"
912,"912,23.26,22.0"
913,"913,23.28,26.0"
914,"914,23.3,23.0"
915,"915,23.32,24.0"
916,"916,23.34,34.0"
917,"917,23.36,24.0"
918,"918,23.38,24.0"
919,"919,23.4,12.0"
920,"920,23.42,24.0"
921,"921,23.44,31.0"
922,"922,23.46,29.0"
923,"923,23.48,26.0"
924,"924,23.5,25.0"
925,"925,23.52,30.0"
926,"926,23.54,35.0"
927,"927,23.56,27.0"
928,"928,23.58,26.0"
929,"929,23.6,27.0"
930,"930,23.62,37.0"
931,"931,23.64,27.0"
932,"932,23.66,29.0"
933,"933,23.68,20.0"
934,"934,23.7,31.0"
935,"935,23.72,35.0"
936,"936,23.74,21.0"
937,"937,23.76,20.0"
938,"938,23.78,26.0"
939,"939,23.8,17.0"
940,"940,23.82,23.0"
941,"941,23.84,20.0"
942,"942,23.86,22.0"
943,"943,23.88,19.0"
944,"944,23.9,14.0"
945,"945,23.92,24.0"
946,"946,23.94,22.0"
947,"947,23.96,21.0"
948,"948,23.98,36.0"
949,"949,24.0,24.0"
950,"950,24.02,30.0"
951,"951,24.04,29.0"
952,"952,24.06,31.0"
953,"953,24.08,47.0"
954,"954,24.1,69.0"
955,"955,24.12,101.0"
956,"956,24.14,98.0"
957,"957,24.16,88.0"
958,"958,24.18,61.0"
959,"959,24.2,67.0"
960,"960,24.22,56.0"
961,"961,24.24,43.0"
962,"962,24.26,47.0"
963,"963,24.28,37.0"
964,"964,24.3,32.0"
965,"965,24.32,35.0"
966,"966,24.34,45.0"
967,"967,24.36,28.0"
968,"968,24.38,42.0"
969,"969,24.4,31.0"
970,"970,24.42,32.0"
971,"971,24.44,42.0"
972,"972,24.46,31.0"
973,"973,24.48,24.0"
974,"974,24.5,48.0"
975,"975,24.52,26.0"
976,"976,24.54,32.0"
977,"977,24.56,32.0"
978,"978,24.58,29.0"
979,"979,24.6,37.0"
980,"980,24.62,24.0"
981,"981,24.64,30.0"
982,"982,24.66,30.0"
983,"983,24.68,29.0"
984,"984,24.7,33.0"
985,"985,24.72,39.0"
986,"986,24.74,24.0"
987,"987,24.76,25.0"
988,"988,24.78,27.0"
989,"989,24.8,25.0"
990,"990,24.82,22.0"
991,"991,24.84,24.0"
992,"992,24.86,32.0"
993,"993,24.88,31.0"
994,"994,24.9,31.0"
995,"995,24.92,34.0"
996,"996,24.94,25.0"
997,"997,24.96,29.0"
998,"998,24.98,24.0"
999,"999,25.0,20.0"
1000,"1000,25.02,24.0"
1001,"1001,25.04,28.0"
1002,"1002,25.06,35.0"
1003,"1003,25.08,26.0"
1004,"1004,25.1,23.0"
1005,"1005,25.12,18.0"
1006,"1006,25.14,23.0"
1007,"1007,25.16,26.0"
1008,"1008,25.18,27.0"
1009,"1009,25.2,35.0"
1010,"1010,25.22,39.0"
1011,"1011,25.24,35.0"
1012,"1012,25.26,38.0"
1013,"1013,25.28,34.0"
1014,"1014,25.3,33.0"
1015,"1015,25.32,48.0"
1016,"1016,25.34,35.0"
1017,"1017,25.36,38.0"
1018,"1018,25.38,33.0"
1019,"1019,25.4,30.0"
1020,"1020,25.42,30.0"
1021,"1021,25.44,34.0"
1022,"1022,25.46,27.0"
1023,"1023,25.48,33.0"
1024,"1024,25.5,35.0"
1025,"1025,25.52,38.0"
1026,"1026,25.54,33.0"
1027,"1027,25.56,32.0"
1028,"1028,25.58,32.0"
1029,"1029,25.6,33.0"
1030,"1030,25.62,35.0"
1031,"1031,25.64,30.0"
1032,"1032,25.66,29.0"
1033,"1033,25.68,24.0"
1034,"1034,25.7,32.0"
1035,"1035,25.72,35.0"
1036,"1036,25.74,32.0"
1037,"1037,25.76,22.0"
1038,"1038,25.78,40.0"
1039,"1039,25.8,28.0"
1040,"1040,25.82,42.0"
1041,"1041,25.84,41.0"
1042,"1042,25.86,40.0"
1043,"1043,25.88,33.0"
1044,"1044,25.9,35.0"
1045,"1045,25.92,34.0"
1046,"1046,25.94,31.0"
1047,"1047,25.96,26.0"
1048,"1048,25.98,31.0"
1049,"1049,26.0,35.0"
1050,"1050,26.02,43.0"
1051,"1051,26.04,46.0"
1052,"1052,26.06,33.0"
1053,"1053,26.08,56.0"
1054,"1054,26.1,43.0"
1055,"1055,26.12,51.0"
1056,"1056,26.14,44.0"
1057,"1057,26.16,60.0"
1058,"1058,26.18,57.0"
1059,"1059,26.2,62.0"
1060,"1060,26.22,68.0"
1061,"1061,26.24,93.0"
1062,"1062,26.26,89.0"
1063,"1063,26.28,97.0"
1064,"1064,26.3,115.0"
1065,"1065,26.32,158.0"
1066,"1066,26.34,158.0"
1067,"1067,26.36,192.0"
1068,"1068,26.38,236.0"
1069,"1069,26.4,235.0"
1070,"1070,26.42,227.0"
1071,"1071,26.44,289.0"
1072,"1072,26.46,334.0"
1073,"1073,26.48,382.0"
1074,"1074,26.5,557.0"
1075,"1075,26.52,799.0"
1076,"1076,26.54,1443.0"
1077,"1077,26.56,2896.0"
1078,"1078,26.58,6343.0"
1079,"1079,26.6,12017.0"
1080,"1080,26.62,13098.0"
1081,"1081,26.64,7172.0"
1082,"1082,26.66,5847.0"
1083,"1083,26.68,6723.0"
1084,"1084,26.7,4021.0"
1085,"1085,26.72,1254.0"
1086,"1086,26.74,582.0"
1087,"1087,26.76,338.0"
1088,"1088,26.78,278.0"
1089,"1089,26.8,232.0"
1090,"1090,26.82,191.0"
1091,"1091,26.84,180.0"
1092,"1092,26.86,178.0"
1093,"1093,26.88,157.0"
1094,"1094,26.9,153.0"
1095,"1095,26.92,99.0"
1096,"1096,26.94,101.0"
1097,"1097,26.96,77.0"
1098,"1098,26.98,78.0"
1099,"1099,27.0,75.0"
1100,"1100,27.02,73.0"
1101,"1101,27.04,45.0"
1102,"1102,27.06,54.0"
1103,"1103,27.08,58.0"
1104,"1104,27.1,44.0"
1105,"1105,27.12,44.0"
1106,"1106,27.14,49.0"
1107,"1107,27.16,49.0"
1108,"1108,27.18,44.0"
1109,"1109,27.2,48.0"
1110,"1110,27.22,47.0"
1111,"1111,27.24,45.0"
1112,"1112,27.26,30.0"
1113,"1113,27.28,45.0"
1114,"1114,27.3,44.0"
1115,"1115,27.32,45.0"
1116,"1116,27.34,49.0"
1117,"1117,27.36,36.0"
1118,"1118,27.38,49.0"
1119,"1119,27.4,47.0"
1120,"1120,27.42,47.0"
1121,"1121,27.44,50.0"
1122,"1122,27.46,60.0"
1123,"1123,27.48,53.0"
1124,"1124,27.5,54.0"
1125,"1125,27.52,49.0"
1126,"1126,27.54,44.0"
1127,"1127,27.56,42.0"
1128,"1128,27.58,43.0"
1129,"1129,27.6,36.0"
1130,"1130,27.62,48.0"
1131,"1131,27.64,47.0"
1132,"1132,27.66,54.0"
1133,"1133,27.68,35.0"
1134,"1134,27.7,40.0"
1135,"1135,27.72,44.0"
1136,"1136,27.74,39.0"
1137,"1137,27.76,38.0"
1138,"1138,27.78,44.0"
1139,"1139,27.8,31.0"
1140,"1140,27.82,39.0"
1141,"1141,27.84,47.0"
1142,"1142,27.86,50.0"
1143,"1143,27.88,41.0"
1144,"1144,27.9,48.0"
1145,"1145,27.92,52.0"
1146,"1146,27.94,50.0"
1147,"1147,27.96,66.0"
1148,"1148,27.98,37.0"
1149,"1149,28.0,45.0"
1150,"1150,28.02,32.0"
1151,"1151,28.04,38.0"
1152,"1152,28.06,39.0"
1153,"1153,28.08,48.0"
1154,"1154,28.1,56.0"
1155,"1155,28.12,39.0"
1156,"1156,28.14,39.0"
1157,"1157,28.16,43.0"
1158,"1158,28.18,50.0"
1159,"1159,28.2,36.0"
1160,"1160,28.22,45.0"
1161,"1161,28.24,55.0"
1162,"1162,28.26,46.0"
1163,"1163,28.28,48.0"
1164,"1164,28.3,49.0"
1165,"1165,28.32,36.0"
1166,"1166,28.34,51.0"
1167,"1167,28.36,36.0"
1168,"1168,28.38,37.0"
1169,"1169,28.4,41.0"
1170,"1170,28.42,54.0"
1171,"1171,28.44,37.0"
1172,"1172,28.46,45.0"
1173,"1173,28.48,45.0"
1174,"1174,28.5,62.0"
1175,"1175,28.52,55.0"
1176,"1176,28.54,43.0"
1177,"1177,28.56,50.0"
1178,"1178,28.58,51.0"
1179,"1179,28.6,63.0"
1180,"1180,28.62,57.0"
1181,"1181,28.64,42.0"
1182,"1182,28.66,53.0"
1183,"1183,28.68,53.0"
1184,"1184,28.7,63.0"
1185,"1185,28.72,66.0"
1186,"1186,28.74,55.0"
1187,"1187,28.76,79.0"
1188,"1188,28.78,68.0"
1189,"1189,28.8,70.0"
1190,"1190,28.82,93.0"
1191,"1191,28.84,101.0"
1192,"1192,28.86,108.0"
1193,"1193,28.88,110.0"
1194,"1194,28.9,126.0"
1195,"1195,28.92,141.0"
1196,"1196,28.94,126.0"
1197,"1197,28.96,120.0"
1198,"1198,28.98,113.0"
1199,"1199,29.0,115.0"
1200,"1200,29.02,74.0"
1201,"1201,29.04,70.0"
1202,"1202,29.06,81.0"
1203,"1203,29.08,68.0"
1204,"1204,29.1,80.0"
1205,"1205,29.12,68.0"
1206,"1206,29.14,69.0"
1207,"1207,29.16,69.0"
1208,"1208,29.18,63.0"
1209,"1209,29.2,72.0"
1210,"1210,29.22,70.0"
1211,"1211,29.24,71.0"
1212,"1212,29.26,77.0"
1213,"1213,29.28,76.0"
1214,"1214,29.3,84.0"
1215,"1215,29.32,79.0"
1216,"1216,29.34,80.0"
1217,"1217,29.36,70.0"
1218,"1218,29.38,109.0"
1219,"1219,29.4,85.0"
1220,"1220,29.42,89.0"
1221,"1221,29.44,84.0"
1222,"1222,29.46,66.0"
1223,"1223,29.48,77.0"
1224,"1224,29.5,70.0"
1225,"1225,29.52,76.0"
1226,"1226,29.54,64.0"
1227,"1227,29.56,72.0"
1228,"1228,29.58,85.0"
1229,"1229,29.6,65.0"
1230,"1230,29.62,45.0"
1231,"1231,29.64,74.0"
1232,"1232,29.66,70.0"
1233,"1233,29.68,61.0"
1234,"1234,29.7,66.0"
1235,"1235,29.72,64.0"
1236,"1236,29.74,73.0"
1237,"1237,29.76,86.0"
1238,"1238,29.78,64.0"
1239,"1239,29.8,66.0"
1240,"1240,29.82,85.0"
1241,"1241,29.84,71.0"
1242,"1242,29.86,82.0"
1243,"1243,29.88,63.0"
1244,"1244,29.9,81.0"
1245,"1245,29.92,69.0"
1246,"1246,29.94,83.0"
1247,"1247,29.96,82.0"
1248,"1248,29.98,96.0"
1249,"1249,30.0,88.0"
1250,"1250,30.02,92.0"
1251,"1251,30.04,81.0"
1252,"1252,30.06,68.0"
1253,"1253,30.08,89.0"
1254,"1254,30.1,70.0"
1255,"1255,30.12,85.0"
1256,"1256,30.14,73.0"
1257,"1257,30.16,74.0"
1258,"1258,30.18,63.0"
1259,"1259,30.2,65.0"
1260,"1260,30.22,62.0"
1261,"1261,30.24,54.0"
1262,"1262,30.26,61.0"
1263,"1263,30.28,54.0"
1264,"1264,30.3,69.0"
1265,"1265,30.32,53.0"
1266,"1266,30.34,59.0"
1267,"1267,30.36,53.0"
1268,"1268,30.38,52.0"
1269,"1269,30.4,50.0"
1270,"1270,30.42,46.0"
1271,"1271,30.44,31.0"
1272,"1272,30.46,46.0"
1273,"1273,30.48,37.0"
1274,"1274,30.5,42.0"
1275,"1275,30.52,44.0"
1276,"1276,30.54,35.0"
1277,"1277,30.56,57.0"
1278,"1278,30.58,56.0"
1279,"1279,30.6,41.0"
1280,"1280,30.62,24.0"
1281,"1281,30.64,43.0"
1282,"1282,30.66,51.0"
1283,"1283,30.68,54.0"
1284,"1284,30.7,44.0"
1285,"1285,30.72,32.0"
1286,"1286,30.74,40.0"
1287,"1287,30.76,45.0"
1288,"1288,30.78,40.0"
1289,"1289,30.8,49.0"
1290,"1290,30.82,38.0"
1291,"1291,30.84,49.0"
1292,"1292,30.86,48.0"
1293,"1293,30.88,54.0"
1294,"1294,30.9,50.0"
1295,"1295,30.92,35.0"
1296,"1296,30.94,37.0"
1297,"1297,30.96,42.0"
1298,"1298,30.98,49.0"
1299,"1299,31.0,37.0"
1300,"1300,31.02,50.0"
1301,"1301,31.04,38.0"
1302,"1302,31.06,31.0"
1303,"1303,31.08,38.0"
1304,"1304,31.1,38.0"
1305,"1305,31.12,46.0"
1306,"1306,31.14,41.0"
1307,"1307,31.16,45.0"
1308,"1308,31.18,31.0"
1309,"1309,31.2,39.0"
1310,"1310,31.22,35.0"
1311,"1311,31.24,24.0"
1312,"1312,31.26,39.0"
1313,"1313,31.28,44.0"
1314,"1314,31.3,52.0"
1315,"1315,31.32,43.0"
1316,"1316,31.34,38.0"
1317,"1317,31.36,33.0"
1318,"1318,31.38,40.0"
1319,"1319,31.4,41.0"
1320,"1320,31.42,43.0"
1321,"1321,31.44,38.0"
1322,"1322,31.46,41.0"
1323,"1323,31.48,34.0"
1324,"1324,31.5,41.0"
1325,"1325,31.52,42.0"
1326,"1326,31.54,39.0"
1327,"1327,31.56,33.0"
1328,"1328,31.58,46.0"
1329,"1329,31.6,42.0"
1330,"1330,31.62,56.0"
1331,"1331,31.64,44.0"
1332,"1332,31.66,62.0"
1333,"1333,31.68,50.0"
1334,"1334,31.7,32.0"
1335,"1335,31.72,73.0"
1336,"1336,31.74,56.0"
1337,"1337,31.76,52.0"
1338,"1338,31.78,53.0"
1339,"1339,31.8,57.0"
1340,"1340,31.82,60.0"
1341,"1341,31.84,63.0"
1342,"1342,31.86,48.0"
1343,"1343,31.88,52.0"
1344,"1344,31.9,55.0"
1345,"1345,31.92,43.0"
1346,"1346,31.94,57.0"
1347,"1347,31.96,39.0"
1348,"1348,31.98,51.0"
1349,"1349,32.0,48.0"
1350,"1350,32.02,44.0"
1351,"1351,32.04,41.0"
1352,"1352,32.06,48.0"
1353,"1353,32.08,41.0"
1354,"1354,32.1,40.0"
1355,"1355,32.12,45.0"
1356,"1356,32.14,48.0"
1357,"1357,32.16,35.0"
1358,"1358,32.18,44.0"
1359,"1359,32.2,40.0"
1360,"1360,32.22,40.0"
1361,"1361,32.24,37.0"
1362,"1362,32.26,31.0"
1363,"1363,32.28,34.0"
1364,"1364,32.3,41.0"
1365,"1365,32.32,21.0"
1366,"1366,32.34,43.0"
1367,"1367,32.36,42.0"
1368,"1368,32.38,24.0"
1369,"1369,32.4,27.0"
1370,"1370,32.42,33.0"
1371,"1371,32.44,33.0"
1372,"1372,32.46,41.0"
1373,"1373,32.48,22.0"
1374,"1374,32.5,39.0"
1375,"1375,32.52,33.0"
1376,"1376,32.54,44.0"
1377,"1377,32.56,39.0"
1378,"1378,32.58,34.0"
1379,"1379,32.6,30.0"
1380,"1380,32.62,30.0"
1381,"1381,32.64,32.0"
1382,"1382,32.66,40.0"
1383,"1383,32.68,28.0"
1384,"1384,32.7,28.0"
1385,"1385,32.72,23.0"
1386,"1386,32.74,32.0"
1387,"1387,32.76,39.0"
1388,"1388,32.78,24.0"
1389,"1389,32.8,39.0"
1390,"1390,32.82,30.0"
1391,"1391,32.84,32.0"
1392,"1392,32.86,19.0"
1393,"1393,32.88,35.0"
1394,"1394,32.9,29.0"
1395,"1395,32.92,37.0"
1396,"1396,32.94,26.0"
1397,"1397,32.96,33.0"
1398,"1398,32.98,29.0"
1399,"1399,33.0,38.0"
1400,"1400,33.02,30.0"
1401,"1401,33.04,29.0"
1402,"1402,33.06,28.0"
1403,"1403,33.08,29.0"
1404,"1404,33.1,28.0"
1405,"1405,33.12,31.0"
1406,"1406,33.14,26.0"
1407,"1407,33.16,29.0"
1408,"1408,33.18,26.0"
1409,"1409,33.2,30.0"
1410,"1410,33.22,24.0"
1411,"1411,33.24,32.0"
1412,"1412,33.26,24.0"
1413,"1413,33.28,27.0"
1414,"1414,33.3,26.0"
1415,"1415,33.32,38.0"
1416,"1416,33.34,24.0"
1417,"1417,33.36,21.0"
1418,"1418,33.38,30.0"
1419,"1419,33.4,23.0"
1420,"1420,33.42,24.0"
1421,"1421,33.44,22.0"
1422,"1422,33.46,30.0"
1423,"1423,33.48,22.0"
1424,"1424,33.5,35.0"
1425,"1425,33.52,20.0"
1426,"1426,33.54,26.0"
1427,"1427,33.56,22.0"
1428,"1428,33.58,31.0"
1429,"1429,33.6,30.0"
1430,"1430,33.62,27.0"
1431,"1431,33.64,31.0"
1432,"1432,33.66,18.0"
1433,"1433,33.68,29.0"
1434,"1434,33.7,29.0"
1435,"1435,33.72,32.0"
1436,"1436,33.74,21.0"
1437,"1437,33.76,29.0"
1438,"1438,33.78,21.0"
1439,"1439,33.8,24.0"
1440,"1440,33.82,26.0"
1441,"1441,33.84,16.0"
1442,"1442,33.86,28.0"
1443,"1443,33.88,36.0"
1444,"1444,33.9,29.0"
1445,"1445,33.92,27.0"
1446,"1446,33.94,38.0"
1447,"1447,33.96,38.0"
1448,"1448,33.98,24.0"
1449,"1449,34.0,26.0"
1450,"1450,34.02,28.0"
1451,"1451,34.04,33.0"
1452,"1452,34.06,26.0"
1453,"1453,34.08,27.0"
1454,"1454,34.1,28.0"
1455,"1455,34.12,36.0"
1456,"1456,34.14,33.0"
1457,"1457,34.16,35.0"
1458,"1458,34.18,25.0"
1459,"1459,34.2,33.0"
1460,"1460,34.22,35.0"
1461,"1461,34.24,27.0"
1462,"1462,34.26,21.0"
1463,"1463,34.28,20.0"
1464,"1464,34.3,22.0"
1465,"1465,34.32,27.0"
1466,"1466,34.34,29.0"
1467,"1467,34.36,28.0"
1468,"1468,34.38,23.0"
1469,"1469,34.4,30.0"
1470,"1470,34.42,25.0"
1471,"1471,34.44,28.0"
1472,"1472,34.46,24.0"
1473,"1473,34.48,18.0"
1474,"1474,34.5,28.0"
1475,"1475,34.52,34.0"
1476,"1476,34.54,34.0"
1477,"1477,34.56,35.0"
1478,"1478,34.58,31.0"
1479,"1479,34.6,32.0"
1480,"1480,34.62,30.0"
1481,"1481,34.64,23.0"
1482,"1482,34.66,23.0"
1483,"1483,34.68,23.0"
1484,"1484,34.7,24.0"
1485,"1485,34.72,22.0"
1486,"1486,34.74,15.0"
1487,"1487,34.76,25.0"
1488,"1488,34.78,26.0"
1489,"1489,34.8,13.0"
1490,"1490,34.82,31.0"
1491,"1491,34.84,29.0"
1492,"1492,34.86,22.0"
1493,"1493,34.88,27.0"
1494,"1494,34.9,30.0"
1495,"1495,34.92,30.0"
1496,"1496,34.94,29.0"
1497,"1497,34.96,27.0"
1498,"1498,34.98,25.0"
1499,"1499,35.0,35.0"
1500,"1500,35.02,20.0"
1501,"1501,35.04,22.0"
1502,"1502,35.06,27.0"
1503,"1503,35.08,30.0"
1504,"1504,35.1,33.0"
1505,"1505,35.12,27.0"
1506,"1506,35.14,23.0"
1507,"1507,35.16,32.0"
1508,"1508,35.18,30.0"
1509,"1509,35.2,21.0"
1510,"1510,35.22,23.0"
1511,"1511,35.24,21.0"
1512,"1512,35.26,22.0"
1513,"1513,35.28,19.0"
1514,"1514,35.3,32.0"
1515,"1515,35.32,19.0"
1516,"1516,35.34,29.0"
1517,"1517,35.36,24.0"
1518,"1518,35.38,23.0"
1519,"1519,35.4,32.0"
1520,"1520,35.42,35.0"
1521,"1521,35.44,21.0"
1522,"1522,35.46,28.0"
1523,"1523,35.48,30.0"
1524,"1524,35.5,31.0"
1525,"1525,35.52,40.0"
1526,"1526,35.54,23.0"
1527,"1527,35.56,26.0"
1528,"1528,35.58,28.0"
1529,"1529,35.6,30.0"
1530,"1530,35.62,19.0"
1531,"1531,35.64,27.0"
1532,"1532,35.66,40.0"
1533,"1533,35.68,23.0"
1534,"1534,35.7,25.0"
1535,"1535,35.72,26.0"
1536,"1536,35.74,25.0"
1537,"1537,35.76,30.0"
1538,"1538,35.78,31.0"
1539,"1539,35.8,18.0"
1540,"1540,35.82,30.0"
1541,"1541,35.84,17.0"
1542,"1542,35.86,31.0"
1543,"1543,35.88,25.0"
1544,"1544,35.9,16.0"
1545,"1545,35.92,23.0"
1546,"1546,35.94,23.0"
1547,"1547,35.96,23.0"
1548,"1548,35.98,32.0"
1549,"1549,36.0,35.0"
1550,"1550,36.02,28.0"
1551,"1551,36.04,26.0"
1552,"1552,36.06,23.0"
1553,"1553,36.08,20.0"
1554,"1554,36.1,36.0"
1555,"1555,36.12,17.0"
1556,"1556,36.14,25.0"
1557,"1557,36.16,30.0"
1558,"1558,36.18,27.0"
1559,"1559,36.2,26.0"
1560,"1560,36.22,25.0"
1561,"1561,36.24,29.0"
1562,"1562,36.26,31.0"
1563,"1563,36.28,28.0"
1564,"1564,36.3,32.0"
1565,"1565,36.32,37.0"
1566,"1566,36.34,45.0"
1567,"1567,36.36,52.0"
1568,"1568,36.38,61.0"
1569,"1569,36.4,54.0"
1570,"1570,36.42,66.0"
1571,"1571,36.44,110.0"
1572,"1572,36.46,216.0"
1573,"1573,36.48,427.0"
1574,"1574,36.5,660.0"
1575,"1575,36.52,639.0"
1576,"1576,36.54,340.0"
1577,"1577,36.56,244.0"
1578,"1578,36.58,304.0"
1579,"1579,36.6,346.0"
1580,"1580,36.62,274.0"
1581,"1581,36.64,149.0"
1582,"1582,36.66,65.0"
1583,"1583,36.68,54.0"
1584,"1584,36.7,37.0"
1585,"1585,36.72,48.0"
1586,"1586,36.74,46.0"
1587,"1587,36.76,33.0"
1588,"1588,36.78,25.0"
1589,"1589,36.8,28.0"
1590,"1590,36.82,34.0"
1591,"1591,36.84,31.0"
1592,"1592,36.86,33.0"
1593,"1593,36.88,29.0"
1594,"1594,36.9,45.0"
1595,"1595,36.92,32.0"
1596,"1596,36.94,18.0"
1597,"1597,36.96,28.0"
1598,"1598,36.98,33.0"
1599,"1599,37.0,30.0"
1600,"1600,37.02,23.0"
1601,"1601,37.04,30.0"
1602,"1602,37.06,40.0"
1603,"1603,37.08,30.0"
1604,"1604,37.1,29.0"
1605,"1605,37.12,24.0"
1606,"1606,37.14,18.0"
1607,"1607,37.16,27.0"
1608,"1608,37.18,21.0"
1609,"1609,37.2,28.0"
1610,"1610,37.22,28.0"
1611,"1611,37.24,32.0"
1612,"1612,37.26,25.0"
1613,"1613,37.28,30.0"
1614,"1614,37.3,24.0"
1615,"1615,37.32,23.0"
1616,"1616,37.34,21.0"
1617,"1617,37.36,20.0"
1618,"1618,37.38,27.0"
1619,"1619,37.4,22.0"
1620,"1620,37.42,22.0"
1621,"1621,37.44,18.0"
1622,"1622,37.46,25.0"
1623,"1623,37.48,18.0"
1624,"1624,37.5,24.0"
1625,"1625,37.52,26.0"
1626,"1626,37.54,26.0"
1627,"1627,37.56,28.0"
1628,"1628,37.58,21.0"
1629,"1629,37.6,30.0"
1630,"1630,37.62,27.0"
1631,"1631,37.64,24.0"
1632,"1632,37.66,25.0"
1633,"1633,37.68,33.0"
1634,"1634,37.7,23.0"
1635,"1635,37.72,21.0"
1636,"1636,37.74,26.0"
1637,"1637,37.76,23.0"
1638,"1638,37.78,17.0"
1639,"1639,37.8,21.0"
1640,"1640,37.82,16.0"
1641,"1641,37.84,18.0"
1642,"1642,37.86,17.0"
1643,"1643,37.88,29.0"
1644,"1644,37.9,29.0"
1645,"1645,37.92,30.0"
1646,"1646,37.94,18.0"
1647,"1647,37.96,28.0"
1648,"1648,37.98,20.0"
1649,"1649,38.0,25.0"
1650,"1650,38.02,14.0"
1651,"1651,38.04,27.0"
1652,"1652,38.06,18.0"
1653,"1653,38.08,23.0"
1654,"1654,38.1,15.0"
1655,"1655,38.12,28.0"
1656,"1656,38.14,18.0"
1657,"1657,38.16,20.0"
1658,"1658,38.18,26.0"
1659,"1659,38.2,16.0"
1660,"1660,38.22,21.0"
1661,"1661,38.24,32.0"
1662,"1662,38.26,17.0"
1663,"1663,38.28,17.0"
1664,"1664,38.3,23.0"
1665,"1665,38.32,19.0"
1666,"1666,38.34,31.0"
1667,"1667,38.36,13.0"
1668,"1668,38.38,22.0"
1669,"1669,38.4,25.0"
1670,"1670,38.42,24.0"
1671,"1671,38.44,25.0"
1672,"1672,38.46,24.0"
1673,"1673,38.48,18.0"
1674,"1674,38.5,27.0"
1675,"1675,38.52,24.0"
1676,"1676,38.54,25.0"
1677,"1677,38.56,20.0"
1678,"1678,38.58,27.0"
1679,"1679,38.6,18.0"
1680,"1680,38.62,35.0"
1681,"1681,38.64,16.0"
1682,"1682,38.66,37.0"
1683,"1683,38.68,23.0"
1684,"1684,38.7,19.0"
1685,"1685,38.72,18.0"
1686,"1686,38.74,26.0"
1687,"1687,38.76,17.0"
1688,"1688,38.78,15.0"
1689,"1689,38.8,25.0"
1690,"1690,38.82,24.0"
1691,"1691,38.84,12.0"
1692,"1692,38.86,25.0"
1693,"1693,38.88,32.0"
1694,"1694,38.9,17.0"
1695,"1695,38.92,23.0"
1696,"1696,38.94,18.0"
1697,"1697,38.96,18.0"
1698,"1698,38.98,29.0"
1699,"1699,39.0,21.0"
1700,"1700,39.02,22.0"
1701,"1701,39.04,30.0"
1702,"1702,39.06,38.0"
1703,"1703,39.08,17.0"
1704,"1704,39.1,22.0"
1705,"1705,39.12,27.0"
1706,"1706,39.14,29.0"
1707,"1707,39.16,24.0"
1708,"1708,39.18,32.0"
1709,"1709,39.2,34.0"
1710,"1710,39.22,41.0"
1711,"1711,39.24,35.0"
1712,"1712,39.26,31.0"
1713,"1713,39.28,29.0"
1714,"1714,39.3,44.0"
1715,"1715,39.32,49.0"
1716,"1716,39.34,75.0"
1717,"1717,39.36,133.0"
1718,"1718,39.38,265.0"
1719,"1719,39.4,435.0"
1720,"1720,39.42,431.0"
1721,"1721,39.44,365.0"
1722,"1722,39.46,285.0"
1723,"1723,39.48,205.0"
1724,"1724,39.5,241.0"
1725,"1725,39.52,244.0"
1726,"1726,39.54,215.0"
1727,"1727,39.56,147.0"
1728,"1728,39.58,66.0"
1729,"1729,39.6,50.0"
1730,"1730,39.62,40.0"
1731,"1731,39.64,38.0"
1732,"1732,39.66,37.0"
1733,"1733,39.68,44.0"
1734,"1734,39.7,38.0"
1735,"1735,39.72,28.0"
1736,"1736,39.74,30.0"
1737,"1737,39.76,32.0"
1738,"1738,39.78,29.0"
1739,"1739,39.8,33.0"
1740,"1740,39.82,24.0"
1741,"1741,39.84,25.0"
1742,"1742,39.86,27.0"
1743,"1743,39.88,29.0"
1744,"1744,39.9,28.0"
1745,"1745,39.92,34.0"
1746,"1746,39.94,37.0"
1747,"1747,39.96,28.0"
1748,"1748,39.98,35.0"
1749,"1749,40.0,30.0"
1750,"1750,40.02,33.0"
1751,"1751,40.04,35.0"
1752,"1752,40.06,26.0"
1753,"1753,40.08,34.0"
1754,"1754,40.1,35.0"
1755,"1755,40.12,28.0"
1756,"1756,40.14,43.0"
1757,"1757,40.16,41.0"
1758,"1758,40.18,47.0"
1759,"1759,40.2,71.0"
1760,"1760,40.22,132.0"
1761,"1761,40.24,234.0"
1762,"1762,40.26,319.0"
1763,"1763,40.28,225.0"
1764,"1764,40.3,124.0"
1765,"1765,40.32,106.0"
1766,"1766,40.34,131.0"
1767,"1767,40.36,141.0"
1768,"1768,40.38,114.0"
1769,"1769,40.4,68.0"
1770,"1770,40.42,46.0"
1771,"1771,40.44,44.0"
1772,"1772,40.46,35.0"
1773,"1773,40.48,24.0"
1774,"1774,40.5,29.0"
1775,"1775,40.52,29.0"
1776,"1776,40.54,21.0"
1777,"1777,40.56,16.0"
1778,"1778,40.58,21.0"
1779,"1779,40.6,20.0"
1780,"1780,40.62,26.0"
1781,"1781,40.64,23.0"
1782,"1782,40.66,17.0"
1783,"1783,40.68,20.0"
1784,"1784,40.7,16.0"
1785,"1785,40.72,37.0"
1786,"1786,40.74,21.0"
1787,"1787,40.76,19.0"
1788,"1788,40.78,20.0"
1789,"1789,40.8,21.0"
1790,"1790,40.82,8.0"
1791,"1791,40.84,23.0"
1792,"1792,40.86,22.0"
1793,"1793,40.88,22.0"
1794,"1794,40.9,18.0"
1795,"1795,40.92,21.0"
1796,"1796,40.94,17.0"
1797,"1797,40.96,22.0"
1798,"1798,40.98,18.0"
1799,"1799,41.0,17.0"
1800,"1800,41.02,22.0"
1801,"1801,41.04,21.0"
1802,"1802,41.06,26.0"
1803,"1803,41.08,18.0"
1804,"1804,41.1,19.0"
1805,"1805,41.12,15.0"
1806,"1806,41.14,24.0"
1807,"1807,41.16,20.0"
1808,"1808,41.18,21.0"
1809,"1809,41.2,24.0"
1810,"1810,41.22,10.0"
1811,"1811,41.24,23.0"
1812,"1812,41.26,19.0"
1813,"1813,41.28,18.0"
1814,"1814,41.3,23.0"
1815,"1815,41.32,25.0"
1816,"1816,41.34,23.0"
1817,"1817,41.36,16.0"
1818,"1818,41.38,18.0"
1819,"1819,41.4,16.0"
1820,"1820,41.42,20.0"
1821,"1821,41.44,22.0"
1822,"1822,41.46,24.0"
1823,"1823,41.48,27.0"
1824,"1824,41.5,31.0"
1825,"1825,41.52,20.0"
1826,"1826,41.54,19.0"
1827,"1827,41.56,28.0"
1828,"1828,41.58,13.0"
1829,"1829,41.6,19.0"
1830,"1830,41.62,20.0"
1831,"1831,41.64,23.0"
1832,"1832,41.66,23.0"
1833,"1833,41.68,24.0"
1834,"1834,41.7,24.0"
1835,"1835,41.72,17.0"
1836,"1836,41.74,32.0"
1837,"1837,41.76,26.0"
1838,"1838,41.78,16.0"
1839,"1839,41.8,28.0"
1840,"1840,41.82,19.0"
1841,"1841,41.84,36.0"
1842,"1842,41.86,25.0"
1843,"1843,41.88,21.0"
1844,"1844,41.9,24.0"
1845,"1845,41.92,27.0"
1846,"1846,41.94,24.0"
1847,"1847,41.96,26.0"
1848,"1848,41.98,26.0"
1849,"1849,42.0,31.0"
1850,"1850,42.02,20.0"
1851,"1851,42.04,21.0"
1852,"1852,42.06,30.0"
1853,"1853,42.08,40.0"
1854,"1854,42.1,23.0"
1855,"1855,42.12,41.0"
1856,"1856,42.14,31.0"
1857,"1857,42.16,35.0"
1858,"1858,42.18,33.0"
1859,"1859,42.2,48.0"
1860,"1860,42.22,53.0"
1861,"1861,42.24,36.0"
1862,"1862,42.26,31.0"
1863,"1863,42.28,42.0"
1864,"1864,42.3,60.0"
1865,"1865,42.32,65.0"
1866,"1866,42.34,93.0"
1867,"1867,42.36,146.0"
1868,"1868,42.38,224.0"
1869,"1869,42.4,278.0"
1870,"1870,42.42,338.0"
1871,"1871,42.44,267.0"
1872,"1872,42.46,163.0"
1873,"1873,42.48,149.0"
1874,"1874,42.5,171.0"
1875,"1875,42.52,209.0"
1876,"1876,42.54,184.0"
1877,"1877,42.56,103.0"
1878,"1878,42.58,52.0"
1879,"1879,42.6,37.0"
1880,"1880,42.62,40.0"
1881,"1881,42.64,34.0"
1882,"1882,42.66,33.0"
1883,"1883,42.68,39.0"
1884,"1884,42.7,31.0"
1885,"1885,42.72,29.0"
1886,"1886,42.74,22.0"
1887,"1887,42.76,29.0"
1888,"1888,42.78,36.0"
1889,"1889,42.8,24.0"
1890,"1890,42.82,24.0"
1891,"1891,42.84,23.0"
1892,"1892,42.86,27.0"
1893,"1893,42.88,23.0"
1894,"1894,42.9,24.0"
1895,"1895,42.92,26.0"
1896,"1896,42.94,24.0"
1897,"1897,42.96,30.0"
1898,"1898,42.98,23.0"
1899,"1899,43.0,18.0"
1900,"1900,43.02,22.0"
1901,"1901,43.04,26.0"
1902,"1902,43.06,17.0"
1903,"1903,43.08,22.0"
1904,"1904,43.1,27.0"
1905,"1905,43.12,25.0"
1906,"1906,43.14,24.0"
1907,"1907,43.16,25.0"
1908,"1908,43.18,26.0"
1909,"1909,43.2,23.0"
1910,"1910,43.22,23.0"
1911,"1911,43.24,21.0"
1912,"1912,43.26,25.0"
1913,"1913,43.28,34.0"
1914,"1914,43.3,31.0"
1915,"1915,43.32,29.0"
1916,"1916,43.34,27.0"
1917,"1917,43.36,22.0"
1918,"1918,43.38,20.0"
1919,"1919,43.4,32.0"
1920,"1920,43.42,33.0"
1921,"1921,43.44,30.0"
1922,"1922,43.46,31.0"
1923,"1923,43.48,32.0"
1924,"1924,43.5,24.0"
1925,"1925,43.52,30.0"
1926,"1926,43.54,13.0"
1927,"1927,43.56,29.0"
1928,"1928,43.58,29.0"
1929,"1929,43.6,33.0"
1930,"1930,43.62,20.0"
1931,"1931,43.64,23.0"
1932,"1932,43.66,22.0"
1933,"1933,43.68,17.0"
1934,"1934,43.7,25.0"
1935,"1935,43.72,28.0"
1936,"1936,43.74,21.0"
1937,"1937,43.76,29.0"
1938,"1938,43.78,26.0"
1939,"1939,43.8,26.0"
1940,"1940,43.82,26.0"
1941,"1941,43.84,35.0"
1942,"1942,43.86,24.0"
1943,"1943,43.88,20.0"
1944,"1944,43.9,23.0"
1945,"1945,43.92,30.0"
1946,"1946,43.94,17.0"
1947,"1947,43.96,17.0"
1948,"1948,43.98,21.0"
1949,"1949,44.0,25.0"
1950,"1950,44.02,24.0"
1951,"1951,44.04,33.0"
1952,"1952,44.06,21.0"
1953,"1953,44.08,32.0"
1954,"1954,44.1,32.0"
1955,"1955,44.12,19.0"
1956,"1956,44.14,22.0"
1957,"1957,44.16,33.0"
1958,"1958,44.18,24.0"
1959,"1959,44.2,24.0"
1960,"1960,44.22,24.0"
1961,"1961,44.24,26.0"
1962,"1962,44.26,23.0"
1963,"1963,44.28,28.0"
1964,"1964,44.3,25.0"
1965,"1965,44.32,25.0"
1966,"1966,44.34,25.0"
1967,"1967,44.36,20.0"
1968,"1968,44.38,29.0"
1969,"1969,44.4,27.0"
1970,"1970,44.42,32.0"
1971,"1971,44.44,22.0"
1972,"1972,44.46,31.0"
1973,"1973,44.48,23.0"
1974,"1974,44.5,24.0"
1975,"1975,44.52,25.0"
1976,"1976,44.54,23.0"
1977,"1977,44.56,31.0"
1978,"1978,44.58,32.0"
1979,"1979,44.6,29.0"
1980,"1980,44.62,30.0"
1981,"1981,44.64,19.0"
1982,"1982,44.66,24.0"
1983,"1983,44.68,34.0"
1984,"1984,44.7,20.0"
1985,"1985,44.72,22.0"
1986,"1986,44.74,29.0"
1987,"1987,44.76,21.0"
1988,"1988,44.78,27.0"
1989,"1989,44.8,27.0"
1990,"1990,44.82,29.0"
1991,"1991,44.84,29.0"
1992,"1992,44.86,21.0"
1993,"1993,44.88,24.0"
1994,"1994,44.9,22.0"
1995,"1995,44.92,25.0"
1996,"1996,44.94,25.0"
1997,"1997,44.96,22.0"
1998,"1998,44.98,28.0"
1999,"1999,45.0,32.0"
2000,"2000,45.02,26.0"
2001,"2001,45.04,37.0"
2002,"2002,45.06,26.0"
2003,"2003,45.08,22.0"
2004,"2004,45.1,29.0"
2005,"2005,45.12,33.0"
2006,"2006,45.14,26.0"
2007,"2007,45.16,34.0"
2008,"2008,45.18,48.0"
2009,"2009,45.2,29.0"
2010,"2010,45.22,27.0"
2011,"2011,45.24,39.0"
2012,"2012,45.26,34.0"
2013,"2013,45.28,29.0"
2014,"2014,45.3,29.0"
2015,"2015,45.32,39.0"
2016,"2016,45.34,26.0"
2017,"2017,45.36,33.0"
2018,"2018,45.38,35.0"
2019,"2019,45.4,20.0"
2020,"2020,45.42,37.0"
2021,"2021,45.44,26.0"
2022,"2022,45.46,27.0"
2023,"2023,45.48,32.0"
2024,"2024,45.5,28.0"
2025,"2025,45.52,38.0"
2026,"2026,45.54,31.0"
2027,"2027,45.56,36.0"
2028,"2028,45.58,33.0"
2029,"2029,45.6,48.0"
2030,"2030,45.62,43.0"
2031,"2031,45.64,50.0"
2032,"2032,45.66,42.0"
2033,"2033,45.68,89.0"
2034,"2034,45.7,104.0"
2035,"2035,45.72,156.0"
2036,"2036,45.74,241.0"
2037,"2037,45.76,308.0"
2038,"2038,45.78,258.0"
2039,"2039,45.8,152.0"
2040,"2040,45.82,111.0"
2041,"2041,45.84,104.0"
2042,"2042,45.86,141.0"
2043,"2043,45.88,178.0"
2044,"2044,45.9,127.0"
2045,"2045,45.92,91.0"
2046,"2046,45.94,57.0"
2047,"2047,45.96,47.0"
2048,"2048,45.98,42.0"
2049,"2049,46.0,29.0"
2050,"2050,46.02,28.0"
2051,"2051,46.04,24.0"
2052,"2052,46.06,26.0"
2053,"2053,46.08,28.0"
2054,"2054,46.1,32.0"
2055,"2055,46.12,29.0"
2056,"2056,46.14,33.0"
2057,"2057,46.16,28.0"
2058,"2058,46.18,17.0"
2059,"2059,46.2,23.0"
2060,"2060,46.22,25.0"
2061,"2061,46.24,21.0"
2062,"2062,46.26,24.0"
2063,"2063,46.28,28.0"
2064,"2064,46.3,20.0"
2065,"2065,46.32,20.0"
2066,"2066,46.34,25.0"
2067,"2067,46.36,27.0"
2068,"2068,46.38,24.0"
2069,"2069,46.4,22.0"
2070,"2070,46.42,26.0"
2071,"2071,46.44,19.0"
2072,"2072,46.46,13.0"
2073,"2073,46.48,18.0"
2074,"2074,46.5,32.0"
2075,"2075,46.52,31.0"
2076,"2076,46.54,17.0"
2077,"2077,46.56,23.0"
2078,"2078,46.58,20.0"
2079,"2079,46.6,23.0"
2080,"2080,46.62,24.0"
2081,"2081,46.64,21.0"
2082,"2082,46.66,19.0"
2083,"2083,46.68,18.0"
2084,"2084,46.7,16.0"
2085,"2085,46.72,31.0"
2086,"2086,46.74,18.0"
2087,"2087,46.76,21.0"
2088,"2088,46.78,17.0"
2089,"2089,46.8,21.0"
2090,"2090,46.82,20.0"
2091,"2091,46.84,23.0"
2092,"2092,46.86,17.0"
2093,"2093,46.88,12.0"
2094,"2094,46.9,24.0"
2095,"2095,46.92,23.0"
2096,"2096,46.94,22.0"
2097,"2097,46.96,17.0"
2098,"2098,46.98,24.0"
2099,"2099,47.0,24.0"
2100,"2100,47.02,23.0"
2101,"2101,47.04,14.0"
2102,"2102,47.06,22.0"
2103,"2103,47.08,17.0"
2104,"2104,47.1,33.0"
2105,"2105,47.12,16.0"
2106,"2106,47.14,18.0"
2107,"2107,47.16,29.0"
2108,"2108,47.18,28.0"
2109,"2109,47.2,28.0"
2110,"2110,47.22,21.0"
2111,"2111,47.24,25.0"
2112,"2112,47.26,23.0"
2113,"2113,47.28,20.0"
2114,"2114,47.3,21.0"
2115,"2115,47.32,13.0"
2116,"2116,47.34,20.0"
2117,"2117,47.36,17.0"
2118,"2118,47.38,20.0"
2119,"2119,47.4,32.0"
2120,"2120,47.42,28.0"
2121,"2121,47.44,25.0"
2122,"2122,47.46,21.0"
2123,"2123,47.48,25.0"
2124,"2124,47.5,19.0"
2125,"2125,47.52,23.0"
2126,"2126,47.54,18.0"
2127,"2127,47.56,24.0"
2128,"2128,47.58,27.0"
2129,"2129,47.6,25.0"
2130,"2130,47.62,21.0"
2131,"2131,47.64,29.0"
2132,"2132,47.66,19.0"
2133,"2133,47.68,20.0"
2134,"2134,47.7,25.0"
2135,"2135,47.72,14.0"
2136,"2136,47.74,22.0"
2137,"2137,47.76,24.0"
2138,"2138,47.78,26.0"
2139,"2139,47.8,18.0"
2140,"2140,47.82,24.0"
2141,"2141,47.84,28.0"
2142,"2142,47.86,24.0"
2143,"2143,47.88,26.0"
2144,"2144,47.9,25.0"
2145,"2145,47.92,20.0"
2146,"2146,47.94,25.0"
2147,"2147,47.96,19.0"
2148,"2148,47.98,26.0"
2149,"2149,48.0,18.0"
2150,"2150,48.02,27.0"
2151,"2151,48.04,23.0"
2152,"2152,48.06,19.0"
2153,"2153,48.08,20.0"
2154,"2154,48.1,18.0"
2155,"2155,48.12,22.0"
2156,"2156,48.14,29.0"
2157,"2157,48.16,20.0"
2158,"2158,48.18,16.0"
2159,"2159,48.2,17.0"
2160,"2160,48.22,19.0"
2161,"2161,48.24,29.0"
2162,"2162,48.26,25.0"
2163,"2163,48.28,17.0"
2164,"2164,48.3,25.0"
2165,"2165,48.32,27.0"
2166,"2166,48.34,20.0"
2167,"2167,48.36,33.0"
2168,"2168,48.38,19.0"
2169,"2169,48.4,27.0"
2170,"2170,48.42,20.0"
2171,"2171,48.44,17.0"
2172,"2172,48.46,28.0"
2173,"2173,48.48,19.0"
2174,"2174,48.5,26.0"
2175,"2175,48.52,24.0"
2176,"2176,48.54,35.0"
2177,"2177,48.56,23.0"
2178,"2178,48.58,25.0"
2179,"2179,48.6,29.0"
2180,"2180,48.62,27.0"
2181,"2181,48.64,26.0"
2182,"2182,48.66,22.0"
2183,"2183,48.68,28.0"
2184,"2184,48.7,25.0"
2185,"2185,48.72,25.0"
2186,"2186,48.74,21.0"
2187,"2187,48.76,19.0"
2188,"2188,48.78,27.0"
2189,"2189,48.8,18.0"
2190,"2190,48.82,21.0"
2191,"2191,48.84,25.0"
2192,"2192,48.86,25.0"
2193,"2193,48.88,35.0"
2194,"2194,48.9,24.0"
2195,"2195,48.92,27.0"
2196,"2196,48.94,27.0"
2197,"2197,48.96,21.0"
2198,"2198,48.98,21.0"
2199,"2199,49.0,24.0"
2200,"2200,49.02,25.0"
2201,"2201,49.04,20.0"
2202,"2202,49.06,32.0"
2203,"2203,49.08,28.0"
2204,"2204,49.1,27.0"
2205,"2205,49.12,26.0"
2206,"2206,49.14,30.0"
2207,"2207,49.16,21.0"
2208,"2208,49.18,24.0"
2209,"2209,49.2,33.0"
2210,"2210,49.22,28.0"
2211,"2211,49.24,46.0"
2212,"2212,49.26,33.0"
2213,"2213,49.28,45.0"
2214,"2214,49.3,39.0"
2215,"2215,49.32,44.0"
2216,"2216,49.34,45.0"
2217,"2217,49.36,36.0"
2218,"2218,49.38,50.0"
2219,"2219,49.4,42.0"
2220,"2220,49.42,44.0"
2221,"2221,49.44,52.0"
2222,"2222,49.46,58.0"
2223,"2223,49.48,52.0"
2224,"2224,49.5,43.0"
2225,"2225,49.52,54.0"
2226,"2226,49.54,43.0"
2227,"2227,49.56,47.0"
2228,"2228,49.58,54.0"
2229,"2229,49.6,44.0"
2230,"2230,49.62,39.0"
2231,"2231,49.64,38.0"
2232,"2232,49.66,45.0"
2233,"2233,49.68,42.0"
2234,"2234,49.7,61.0"
2235,"2235,49.72,53.0"
2236,"2236,49.74,54.0"
2237,"2237,49.76,57.0"
2238,"2238,49.78,52.0"
2239,"2239,49.8,38.0"
2240,"2240,49.82,54.0"
2241,"2241,49.84,54.0"
2242,"2242,49.86,71.0"
2243,"2243,49.88,65.0"
2244,"2244,49.9,78.0"
2245,"2245,49.92,64.0"
2246,"2246,49.94,74.0"
2247,"2247,49.96,94.0"
2248,"2248,49.98,120.0"
2249,"2249,50.0,173.0"
2250,"2250,50.02,238.0"
2251,"2251,50.04,376.0"
2252,"2252,50.06,673.0"
2253,"2253,50.08,1120.0"
2254,"2254,50.1,1300.0"
2255,"2255,50.12,1247.0"
2256,"2256,50.14,885.0"
2257,"2257,50.16,503.0"
2258,"2258,50.18,383.0"
2259,"2259,50.2,445.0"
2260,"2260,50.22,652.0"
2261,"2261,50.24,660.0"
2262,"2262,50.26,604.0"
2263,"2263,50.28,328.0"
2264,"2264,50.3,170.0"
2265,"2265,50.32,120.0"
2266,"2266,50.34,70.0"
2267,"2267,50.36,72.0"
2268,"2268,50.38,56.0"
2269,"2269,50.4,54.0"
2270,"2270,50.42,51.0"
2271,"2271,50.44,29.0"
2272,"2272,50.46,48.0"
2273,"2273,50.48,48.0"
2274,"2274,50.5,36.0"
2275,"2275,50.52,28.0"
2276,"2276,50.54,42.0"
2277,"2277,50.56,37.0"
2278,"2278,50.58,35.0"
2279,"2279,50.6,36.0"
2280,"2280,50.62,30.0"
2281,"2281,50.64,35.0"
2282,"2282,50.66,18.0"
2283,"2283,50.68,35.0"
2284,"2284,50.7,38.0"
2285,"2285,50.72,36.0"
2286,"2286,50.74,31.0"
2287,"2287,50.76,25.0"
2288,"2288,50.78,19.0"
2289,"2289,50.8,32.0"
2290,"2290,50.82,21.0"
2291,"2291,50.84,20.0"
2292,"2292,50.86,24.0"
2293,"2293,50.88,31.0"
2294,"2294,50.9,24.0"
2295,"2295,50.92,27.0"
2296,"2296,50.94,27.0"
2297,"2297,50.96,25.0"
2298,"2298,50.98,21.0"
2299,"2299,51.0,16.0"
2300,"2300,51.02,22.0"
2301,"2301,51.04,22.0"
2302,"2302,51.06,20.0"
2303,"2303,51.08,25.0"
2304,"2304,51.1,19.0"
2305,"2305,51.12,23.0"
2306,"2306,51.14,28.0"
2307,"2307,51.16,22.0"
2308,"2308,51.18,26.0"
2309,"2309,51.2,23.0"
2310,"2310,51.22,14.0"
2311,"2311,51.24,23.0"
2312,"2312,51.26,23.0"
2313,"2313,51.28,15.0"
2314,"2314,51.3,25.0"
2315,"2315,51.32,21.0"
2316,"2316,51.34,17.0"
2317,"2317,51.36,27.0"
2318,"2318,51.38,24.0"
2319,"2319,51.4,25.0"
2320,"2320,51.42,21.0"
2321,"2321,51.44,26.0"
2322,"2322,51.46,19.0"
2323,"2323,51.48,30.0"
2324,"2324,51.5,17.0"
2325,"2325,51.52,19.0"
2326,"2326,51.54,21.0"
2327,"2327,51.56,16.0"
2328,"2328,51.58,20.0"
2329,"2329,51.6,16.0"
2330,"2330,51.62,23.0"
2331,"2331,51.64,18.0"
2332,"2332,51.66,19.0"
2333,"2333,51.68,26.0"
2334,"2334,51.7,23.0"
2335,"2335,51.72,23.0"
2336,"2336,51.74,16.0"
2337,"2337,51.76,15.0"
2338,"2338,51.78,22.0"
2339,"2339,51.8,22.0"
2340,"2340,51.82,14.0"
2341,"2341,51.84,32.0"
2342,"2342,51.86,26.0"
2343,"2343,51.88,19.0"
2344,"2344,51.9,26.0"
2345,"2345,51.92,14.0"
2346,"2346,51.94,22.0"
2347,"2347,51.96,18.0"
2348,"2348,51.98,22.0"
2349,"2349,52.0,29.0"
2350,"2350,52.02,21.0"
2351,"2351,52.04,24.0"
2352,"2352,52.06,11.0"
2353,"2353,52.08,17.0"
2354,"2354,52.1,14.0"
2355,"2355,52.12,21.0"
2356,"2356,52.14,28.0"
2357,"2357,52.16,19.0"
2358,"2358,52.18,29.0"
2359,"2359,52.2,21.0"
2360,"2360,52.22,27.0"
2361,"2361,52.24,19.0"
2362,"2362,52.26,20.0"
2363,"2363,52.28,16.0"
2364,"2364,52.3,19.0"
2365,"2365,52.32,21.0"
2366,"2366,52.34,29.0"
2367,"2367,52.36,16.0"
2368,"2368,52.38,15.0"
2369,"2369,52.4,19.0"
2370,"2370,52.42,14.0"
2371,"2371,52.44,17.0"
2372,"2372,52.46,17.0"
2373,"2373,52.48,17.0"
2374,"2374,52.5,20.0"
2375,"2375,52.52,12.0"
2376,"2376,52.54,26.0"
2377,"2377,52.56,21.0"
2378,"2378,52.58,25.0"
2379,"2379,52.6,21.0"
2380,"2380,52.62,16.0"
2381,"2381,52.64,24.0"
2382,"2382,52.66,26.0"
2383,"2383,52.68,21.0"
2384,"2384,52.7,26.0"
2385,"2385,52.72,17.0"
2386,"2386,52.74,24.0"
2387,"2387,52.76,21.0"
2388,"2388,52.78,14.0"
2389,"2389,52.8,15.0"
2390,"2390,52.82,27.0"
2391,"2391,52.84,25.0"
2392,"2392,52.86,25.0"
2393,"2393,52.88,17.0"
2394,"2394,52.9,16.0"
2395,"2395,52.92,19.0"
2396,"2396,52.94,18.0"
2397,"2397,52.96,22.0"
2398,"2398,52.98,23.0"
2399,"2399,53.0,25.0"
2400,"2400,53.02,16.0"
2401,"2401,53.04,13.0"
2402,"2402,53.06,18.0"
2403,"2403,53.08,25.0"
2404,"2404,53.1,19.0"
2405,"2405,53.12,19.0"
2406,"2406,53.14,25.0"
2407,"2407,53.16,16.0"
2408,"2408,53.18,21.0"
2409,"2409,53.2,24.0"
2410,"2410,53.22,25.0"
2411,"2411,53.24,21.0"
2412,"2412,53.26,25.0"
2413,"2413,53.28,18.0"
2414,"2414,53.3,17.0"
2415,"2415,53.32,20.0"
2416,"2416,53.34,23.0"
2417,"2417,53.36,16.0"
2418,"2418,53.38,20.0"
2419,"2419,53.4,22.0"
2420,"2420,53.42,15.0"
2421,"2421,53.44,22.0"
2422,"2422,53.46,21.0"
2423,"2423,53.48,25.0"
2424,"2424,53.5,26.0"
2425,"2425,53.52,17.0"
2426,"2426,53.54,11.0"
2427,"2427,53.56,17.0"
2428,"2428,53.58,18.0"
2429,"2429,53.6,19.0"
2430,"2430,53.62,21.0"
2431,"2431,53.64,24.0"
2432,"2432,53.66,17.0"
2433,"2433,53.68,19.0"
2434,"2434,53.7,23.0"
2435,"2435,53.72,21.0"
2436,"2436,53.74,22.0"
2437,"2437,53.76,13.0"
2438,"2438,53.78,14.0"
2439,"2439,53.8,20.0"
2440,"2440,53.82,25.0"
2441,"2441,53.84,21.0"
2442,"2442,53.86,17.0"
2443,"2443,53.88,19.0"
2444,"2444,53.9,18.0"
2445,"2445,53.92,24.0"
2446,"2446,53.94,13.0"
2447,"2447,53.96,17.0"
2448,"2448,53.98,24.0"
2449,"2449,54.0,24.0"
2450,"2450,54.02,16.0"
2451,"2451,54.04,23.0"
2452,"2452,54.06,17.0"
2453,"2453,54.08,20.0"
2454,"2454,54.1,23.0"
2455,"2455,54.12,22.0"
2456,"2456,54.14,18.0"
2457,"2457,54.16,23.0"
2458,"2458,54.18,23.0"
2459,"2459,54.2,31.0"
2460,"2460,54.22,19.0"
2461,"2461,54.24,22.0"
2462,"2462,54.26,29.0"
2463,"2463,54.28,26.0"
2464,"2464,54.3,13.0"
2465,"2465,54.32,12.0"
2466,"2466,54.34,20.0"
2467,"2467,54.36,16.0"
2468,"2468,54.38,19.0"
2469,"2469,54.4,24.0"
2470,"2470,54.42,26.0"
2471,"2471,54.44,26.0"
2472,"2472,54.46,22.0"
2473,"2473,54.48,38.0"
2474,"2474,54.5,16.0"
2475,"2475,54.52,35.0"
2476,"2476,54.54,23.0"
2477,"2477,54.56,22.0"
2478,"2478,54.58,29.0"
2479,"2479,54.6,20.0"
2480,"2480,54.62,33.0"
2481,"2481,54.64,36.0"
2482,"2482,54.66,27.0"
2483,"2483,54.68,41.0"
2484,"2484,54.7,40.0"
2485,"2485,54.72,65.0"
2486,"2486,54.74,79.0"
2487,"2487,54.76,88.0"
2488,"2488,54.78,116.0"
2489,"2489,54.8,171.0"
2490,"2490,54.82,307.0"
2491,"2491,54.84,363.0"
2492,"2492,54.86,267.0"
2493,"2493,54.88,176.0"
2494,"2494,54.9,112.0"
2495,"2495,54.92,109.0"
2496,"2496,54.94,128.0"
2497,"2497,54.96,146.0"
2498,"2498,54.98,159.0"
2499,"2499,55.0,180.0"
2500,"2500,55.02,137.0"
2501,"2501,55.04,79.0"
2502,"2502,55.06,50.0"
2503,"2503,55.08,38.0"
2504,"2504,55.1,35.0"
2505,"2505,55.12,33.0"
2506,"2506,55.14,36.0"
2507,"2507,55.16,26.0"
2508,"2508,55.18,32.0"
2509,"2509,55.2,39.0"
2510,"2510,55.22,47.0"
2511,"2511,55.24,69.0"
2512,"2512,55.26,72.0"
2513,"2513,55.28,102.0"
2514,"2514,55.3,99.0"
2515,"2515,55.32,85.0"
2516,"2516,55.34,46.0"
2517,"2517,55.36,42.0"
2518,"2518,55.38,55.0"
2519,"2519,55.4,41.0"
2520,"2520,55.42,54.0"
2521,"2521,55.44,61.0"
2522,"2522,55.46,62.0"
2523,"2523,55.48,38.0"
2524,"2524,55.5,35.0"
2525,"2525,55.52,30.0"
2526,"2526,55.54,39.0"
2527,"2527,55.56,26.0"
2528,"2528,55.58,26.0"
2529,"2529,55.6,29.0"
2530,"2530,55.62,16.0"
2531,"2531,55.64,28.0"
2532,"2532,55.66,18.0"
2533,"2533,55.68,18.0"
2534,"2534,55.7,23.0"
2535,"2535,55.72,23.0"
2536,"2536,55.74,22.0"
2537,"2537,55.76,24.0"
2538,"2538,55.78,19.0"
2539,"2539,55.8,18.0"
2540,"2540,55.82,21.0"
2541,"2541,55.84,24.0"
2542,"2542,55.86,26.0"
2543,"2543,55.88,24.0"
2544,"2544,55.9,24.0"
2545,"2545,55.92,23.0"
2546,"2546,55.94,17.0"
2547,"2547,55.96,14.0"
2548,"2548,55.98,14.0"
2549,"2549,56.0,21.0"
2550,"2550,56.02,30.0"
2551,"2551,56.04,22.0"
2552,"2552,56.06,29.0"
2553,"2553,56.08,19.0"
2554,"2554,56.1,21.0"
2555,"2555,56.12,15.0"
2556,"2556,56.14,14.0"
2557,"2557,56.16,17.0"
2558,"2558,56.18,22.0"
2559,"2559,56.2,10.0"
2560,"2560,56.22,18.0"
2561,"2561,56.24,23.0"
2562,"2562,56.26,13.0"
2563,"2563,56.28,20.0"
2564,"2564,56.3,17.0"
2565,"2565,56.32,22.0"
2566,"2566,56.34,16.0"
2567,"2567,56.36,20.0"
2568,"2568,56.38,23.0"
2569,"2569,56.4,25.0"
2570,"2570,56.42,26.0"
2571,"2571,56.44,23.0"
2572,"2572,56.46,17.0"
2573,"2573,56.48,21.0"
2574,"2574,56.5,21.0"
2575,"2575,56.52,16.0"
2576,"2576,56.54,33.0"
2577,"2577,56.56,25.0"
2578,"2578,56.58,25.0"
2579,"2579,56.6,19.0"
2580,"2580,56.62,18.0"
2581,"2581,56.64,16.0"
2582,"2582,56.66,27.0"
2583,"2583,56.68,20.0"
2584,"2584,56.7,20.0"
2585,"2585,56.72,25.0"
2586,"2586,56.74,21.0"
2587,"2587,56.76,21.0"
2588,"2588,56.78,25.0"
2589,"2589,56.8,31.0"
2590,"2590,56.82,13.0"
2591,"2591,56.84,25.0"
2592,"2592,56.86,23.0"
2593,"2593,56.88,28.0"
2594,"2594,56.9,18.0"
2595,"2595,56.92,22.0"
2596,"2596,56.94,18.0"
2597,"2597,56.96,18.0"
2598,"2598,56.98,14.0"
2599,"2599,57.0,13.0"
2600,"2600,57.02,20.0"
2601,"2601,57.04,14.0"
2602,"2602,57.06,14.0"
2603,"2603,57.08,16.0"
2604,"2604,57.1,17.0"
2605,"2605,57.12,26.0"
2606,"2606,57.14,16.0"
2607,"2607,57.16,22.0"
2608,"2608,57.18,43.0"
2609,"2609,57.2,26.0"
2610,"2610,57.22,30.0"
2611,"2611,57.24,21.0"
2612,"2612,57.26,20.0"
2613,"2613,57.28,20.0"
2614,"2614,57.3,14.0"
2615,"2615,57.32,26.0"
2616,"2616,57.34,16.0"
2617,"2617,57.36,26.0"
2618,"2618,57.38,28.0"
2619,"2619,57.4,21.0"
2620,"2620,57.42,18.0"
2621,"2621,57.44,28.0"
2622,"2622,57.46,26.0"
2623,"2623,57.48,26.0"
2624,"2624,57.5,21.0"
2625,"2625,57.52,20.0"
2626,"2626,57.54,16.0"
2627,"2627,57.56,19.0"
2628,"2628,57.58,18.0"
2629,"2629,57.6,21.0"
2630,"2630,57.62,19.0"
2631,"2631,57.64,28.0"
2632,"2632,57.66,21.0"
2633,"2633,57.68,13.0"
2634,"2634,57.7,27.0"
2635,"2635,57.72,17.0"
2636,"2636,57.74,22.0"
2637,"2637,57.76,17.0"
2638,"2638,57.78,17.0"
2639,"2639,57.8,19.0"
2640,"2640,57.82,25.0"
2641,"2641,57.84,18.0"
2642,"2642,57.86,13.0"
2643,"2643,57.88,11.0"
2644,"2644,57.9,17.0"
2645,"2645,57.92,16.0"
2646,"2646,57.94,29.0"
2647,"2647,57.96,16.0"
2648,"2648,57.98,18.0"
2649,"2649,58.0,16.0"
2650,"2650,58.02,20.0"
2651,"2651,58.04,20.0"
2652,"2652,58.06,11.0"
2653,"2653,58.08,21.0"
2654,"2654,58.1,14.0"
2655,"2655,58.12,14.0"
2656,"2656,58.14,11.0"
2657,"2657,58.16,19.0"
2658,"2658,58.18,15.0"
2659,"2659,58.2,21.0"
2660,"2660,58.22,17.0"
2661,"2661,58.24,19.0"
2662,"2662,58.26,15.0"
2663,"2663,58.28,20.0"
2664,"2664,58.3,25.0"
2665,"2665,58.32,19.0"
2666,"2666,58.34,31.0"
2667,"2667,58.36,12.0"
2668,"2668,58.38,25.0"
2669,"2669,58.4,20.0"
2670,"2670,58.42,12.0"
2671,"2671,58.44,21.0"
2672,"2672,58.46,24.0"
2673,"2673,58.48,29.0"
2674,"2674,58.5,19.0"
2675,"2675,58.52,17.0"
2676,"2676,58.54,23.0"
2677,"2677,58.56,19.0"
2678,"2678,58.58,26.0"
2679,"2679,58.6,15.0"
2680,"2680,58.62,17.0"
2681,"2681,58.64,17.0"
2682,"2682,58.66,21.0"
2683,"2683,58.68,23.0"
2684,"2684,58.7,19.0"
2685,"2685,58.72,18.0"
2686,"2686,58.74,22.0"
2687,"2687,58.76,27.0"
2688,"2688,58.78,21.0"
2689,"2689,58.8,26.0"
2690,"2690,58.82,20.0"
2691,"2691,58.84,23.0"
2692,"2692,58.86,20.0"
2693,"2693,58.88,25.0"
2694,"2694,58.9,22.0"
2695,"2695,58.92,24.0"
2696,"2696,58.94,16.0"
2697,"2697,58.96,15.0"
2698,"2698,58.98,20.0"
2699,"2699,59.0,19.0"
2700,"2700,59.02,20.0"
2701,"2701,59.04,23.0"
2702,"2702,59.06,16.0"
2703,"2703,59.08,30.0"
2704,"2704,59.1,16.0"
2705,"2705,59.12,25.0"
2706,"2706,59.14,17.0"
2707,"2707,59.16,19.0"
2708,"2708,59.18,19.0"
2709,"2709,59.2,21.0"
2710,"2710,59.22,29.0"
2711,"2711,59.24,15.0"
2712,"2712,59.26,20.0"
2713,"2713,59.28,23.0"
2714,"2714,59.3,27.0"
2715,"2715,59.32,15.0"
2716,"2716,59.34,24.0"
2717,"2717,59.36,18.0"
2718,"2718,59.38,19.0"
2719,"2719,59.4,21.0"
2720,"2720,59.42,24.0"
2721,"2721,59.44,18.0"
2722,"2722,59.46,24.0"
2723,"2723,59.48,29.0"
2724,"2724,59.5,17.0"
2725,"2725,59.52,27.0"
2726,"2726,59.54,33.0"
2727,"2727,59.56,29.0"
2728,"2728,59.58,21.0"
2729,"2729,59.6,35.0"
2730,"2730,59.62,42.0"
2731,"2731,59.64,51.0"
2732,"2732,59.66,44.0"
2733,"2733,59.68,56.0"
2734,"2734,59.7,48.0"
2735,"2735,59.72,46.0"
2736,"2736,59.74,61.0"
2737,"2737,59.76,64.0"
2738,"2738,59.78,88.0"
2739,"2739,59.8,101.0"
2740,"2740,59.82,149.0"
2741,"2741,59.84,203.0"
2742,"2742,59.86,276.0"
2743,"2743,59.88,469.0"
2744,"2744,59.9,723.0"
2745,"2745,59.92,1130.0"
2746,"2746,59.94,1224.0"
2747,"2747,59.96,804.0"
2748,"2748,59.98,403.0"
2749,"2749,60.0,254.0"
2750,"2750,60.02,234.0"
2751,"2751,60.04,265.0"
2752,"2752,60.06,347.0"
2753,"2753,60.08,582.0"
2754,"2754,60.1,595.0"
2755,"2755,60.12,405.0"
2756,"2756,60.14,260.0"
2757,"2757,60.16,124.0"
2758,"2758,60.18,99.0"
2759,"2759,60.2,49.0"
2760,"2760,60.22,62.0"
2761,"2761,60.24,47.0"
2762,"2762,60.26,41.0"
2763,"2763,60.28,35.0"
2764,"2764,60.3,44.0"
2765,"2765,60.32,27.0"
2766,"2766,60.34,37.0"
2767,"2767,60.36,19.0"
2768,"2768,60.38,30.0"
2769,"2769,60.4,28.0"
2770,"2770,60.42,22.0"
2771,"2771,60.44,22.0"
2772,"2772,60.46,23.0"
2773,"2773,60.48,19.0"
2774,"2774,60.5,26.0"
2775,"2775,60.52,19.0"
2776,"2776,60.54,22.0"
2777,"2777,60.56,22.0"
2778,"2778,60.58,25.0"
2779,"2779,60.6,23.0"
2780,"2780,60.62,21.0"
2781,"2781,60.64,19.0"
2782,"2782,60.66,19.0"
2783,"2783,60.68,26.0"
2784,"2784,60.7,18.0"
2785,"2785,60.72,17.0"
2786,"2786,60.74,20.0"
2787,"2787,60.76,23.0"
2788,"2788,60.78,23.0"
2789,"2789,60.8,19.0"
2790,"2790,60.82,16.0"
2791,"2791,60.84,14.0"
2792,"2792,60.86,16.0"
2793,"2793,60.88,22.0"
2794,"2794,60.9,18.0"
2795,"2795,60.92,19.0"
2796,"2796,60.94,19.0"
2797,"2797,60.96,13.0"
2798,"2798,60.98,14.0"
2799,"2799,61.0,18.0"
2800,"2800,61.02,20.0"
2801,"2801,61.04,25.0"
2802,"2802,61.06,19.0"
2803,"2803,61.08,18.0"
2804,"2804,61.1,19.0"
2805,"2805,61.12,16.0"
2806,"2806,61.14,14.0"
2807,"2807,61.16,22.0"
2808,"2808,61.18,15.0"
2809,"2809,61.2,15.0"
2810,"2810,61.22,18.0"
2811,"2811,61.24,14.0"
2812,"2812,61.26,16.0"
2813,"2813,61.28,17.0"
2814,"2814,61.3,12.0"
2815,"2815,61.32,19.0"
2816,"2816,61.34,18.0"
2817,"2817,61.36,14.0"
2818,"2818,61.38,17.0"
2819,"2819,61.4,21.0"
2820,"2820,61.42,16.0"
2821,"2821,61.44,12.0"
2822,"2822,61.46,19.0"
2823,"2823,61.48,14.0"
2824,"2824,61.5,18.0"
2825,"2825,61.52,14.0"
2826,"2826,61.54,20.0"
2827,"2827,61.56,14.0"
2828,"2828,61.58,15.0"
2829,"2829,61.6,10.0"
2830,"2830,61.62,17.0"
2831,"2831,61.64,17.0"
2832,"2832,61.66,16.0"
2833,"2833,61.68,17.0"
2834,"2834,61.7,19.0"
2835,"2835,61.72,19.0"
2836,"2836,61.74,22.0"
2837,"2837,61.76,20.0"
2838,"2838,61.78,22.0"
2839,"2839,61.8,25.0"
2840,"2840,61.82,16.0"
2841,"2841,61.84,17.0"
2842,"2842,61.86,13.0"
2843,"2843,61.88,18.0"
2844,"2844,61.9,15.0"
2845,"2845,61.92,15.0"
2846,"2846,61.94,12.0"
2847,"2847,61.96,28.0"
2848,"2848,61.98,11.0"
2849,"2849,62.0,12.0"
2850,"2850,62.02,17.0"
2851,"2851,62.04,16.0"
2852,"2852,62.06,16.0"
2853,"2853,62.08,14.0"
2854,"2854,62.1,19.0"
2855,"2855,62.12,23.0"
2856,"2856,62.14,21.0"
2857,"2857,62.16,16.0"
2858,"2858,62.18,18.0"
2859,"2859,62.2,13.0"
2860,"2860,62.22,17.0"
2861,"2861,62.24,23.0"
2862,"2862,62.26,19.0"
2863,"2863,62.28,15.0"
2864,"2864,62.3,15.0"
2865,"2865,62.32,12.0"
2866,"2866,62.34,14.0"
2867,"2867,62.36,17.0"
2868,"2868,62.38,17.0"
2869,"2869,62.4,11.0"
2870,"2870,62.42,22.0"
2871,"2871,62.44,15.0"
2872,"2872,62.46,17.0"
2873,"2873,62.48,15.0"
2874,"2874,62.5,9.0"
2875,"2875,62.52,8.0"
2876,"2876,62.54,19.0"
2877,"2877,62.56,14.0"
2878,"2878,62.58,19.0"
2879,"2879,62.6,15.0"
2880,"2880,62.62,19.0"
2881,"2881,62.64,16.0"
2882,"2882,62.66,18.0"
2883,"2883,62.68,18.0"
2884,"2884,62.7,20.0"
2885,"2885,62.72,20.0"
2886,"2886,62.74,21.0"
2887,"2887,62.76,16.0"
2888,"2888,62.78,18.0"
2889,"2889,62.8,23.0"
2890,"2890,62.82,18.0"
2891,"2891,62.84,18.0"
2892,"2892,62.86,14.0"
2893,"2893,62.88,15.0"
2894,"2894,62.9,22.0"
2895,"2895,62.92,17.0"
2896,"2896,62.94,22.0"
2897,"2897,62.96,13.0"
2898,"2898,62.98,22.0"
2899,"2899,63.0,21.0"
2900,"2900,63.02,15.0"
2901,"2901,63.04,25.0"
2902,"2902,63.06,20.0"
2903,"2903,63.08,16.0"
2904,"2904,63.1,14.0"
2905,"2905,63.12,14.0"
2906,"2906,63.14,25.0"
2907,"2907,63.16,13.0"
2908,"2908,63.18,16.0"
2909,"2909,63.2,17.0"
2910,"2910,63.22,19.0"
2911,"2911,63.24,14.0"
2912,"2912,63.26,23.0"
2913,"2913,63.28,10.0"
2914,"2914,63.3,16.0"
2915,"2915,63.32,16.0"
2916,"2916,63.34,10.0"
2917,"2917,63.36,13.0"
2918,"2918,63.38,18.0"
2919,"2919,63.4,16.0"
2920,"2920,63.42,20.0"
2921,"2921,63.44,19.0"
2922,"2922,63.46,25.0"
2923,"2923,63.48,19.0"
2924,"2924,63.5,11.0"
2925,"2925,63.52,11.0"
2926,"2926,63.54,11.0"
2927,"2927,63.56,10.0"
2928,"2928,63.58,16.0"
2929,"2929,63.6,8.0"
2930,"2930,63.62,12.0"
2931,"2931,63.64,16.0"
2932,"2932,63.66,20.0"
2933,"2933,63.68,16.0"
2934,"2934,63.7,16.0"
2935,"2935,63.72,30.0"
2936,"2936,63.74,23.0"
2937,"2937,63.76,16.0"
2938,"2938,63.78,22.0"
2939,"2939,63.8,30.0"
2940,"2940,63.82,21.0"
2941,"2941,63.84,23.0"
2942,"2942,63.86,27.0"
2943,"2943,63.88,23.0"
2944,"2944,63.9,36.0"
2945,"2945,63.92,37.0"
2946,"2946,63.94,50.0"
2947,"2947,63.96,53.0"
2948,"2948,63.98,100.0"
2949,"2949,64.0,82.0"
2950,"2950,64.02,84.0"
2951,"2951,64.04,62.0"
2952,"2952,64.06,29.0"
2953,"2953,64.08,46.0"
2954,"2954,64.1,34.0"
2955,"2955,64.12,41.0"
2956,"2956,64.14,40.0"
2957,"2957,64.16,51.0"
2958,"2958,64.18,55.0"
2959,"2959,64.2,45.0"
2960,"2960,64.22,38.0"
2961,"2961,64.24,27.0"
2962,"2962,64.26,23.0"
2963,"2963,64.28,22.0"
2964,"2964,64.3,22.0"
2965,"2965,64.32,16.0"
2966,"2966,64.34,19.0"
2967,"2967,64.36,24.0"
2968,"2968,64.38,17.0"
2969,"2969,64.4,19.0"
2970,"2970,64.42,13.0"
2971,"2971,64.44,14.0"
2972,"2972,64.46,16.0"
2973,"2973,64.48,24.0"
2974,"2974,64.5,19.0"
2975,"2975,64.52,12.0"
2976,"2976,64.54,19.0"
2977,"2977,64.56,18.0"
2978,"2978,64.58,14.0"
2979,"2979,64.6,15.0"
2980,"2980,64.62,7.0"
2981,"2981,64.64,20.0"
2982,"2982,64.66,21.0"
2983,"2983,64.68,18.0"
2984,"2984,64.7,22.0"
2985,"2985,64.72,17.0"
2986,"2986,64.74,15.0"
2987,"2987,64.76,15.0"
2988,"2988,64.78,19.0"
2989,"2989,64.8,17.0"
2990,"2990,64.82,15.0"
2991,"2991,64.84,12.0"
2992,"2992,64.86,29.0"
2993,"2993,64.88,18.0"
2994,"2994,64.9,24.0"
2995,"2995,64.92,15.0"
2996,"2996,64.94,22.0"
2997,"2997,64.96,22.0"
2998,"2998,64.98,20.0"
2999,"2999,65.0,15.0"
3000,"3000,65.02,11.0"
3001,"3001,65.04,18.0"
3002,"3002,65.06,18.0"
3003,"3003,65.08,18.0"
3004,"3004,65.1,14.0"
3005,"3005,65.12,9.0"
3006,"3006,65.14,21.0"
3007,"3007,65.16,14.0"
3008,"3008,65.18,14.0"
3009,"3009,65.2,16.0"
3010,"3010,65.22,20.0"
3011,"3011,65.24,13.0"
3012,"3012,65.26,22.0"
3013,"3013,65.28,18.0"
3014,"3014,65.3,17.0"
3015,"3015,65.32,15.0"
3016,"3016,65.34,18.0"
3017,"3017,65.36,27.0"
3018,"3018,65.38,22.0"
3019,"3019,65.4,22.0"
3020,"3020,65.42,16.0"
3021,"3021,65.44,16.0"
3022,"3022,65.46,19.0"
3023,"3023,65.48,24.0"
3024,"3024,65.5,20.0"
3025,"3025,65.52,16.0"
3026,"3026,65.54,19.0"
3027,"3027,65.56,17.0"
3028,"3028,65.58,17.0"
3029,"3029,65.6,19.0"
3030,"3030,65.62,15.0"
3031,"3031,65.64,17.0"
3032,"3032,65.66,22.0"
3033,"3033,65.68,20.0"
3034,"3034,65.7,28.0"
3035,"3035,65.72,42.0"
3036,"3036,65.74,38.0"
3037,"3037,65.76,39.0"
3038,"3038,65.78,33.0"
3039,"3039,65.8,28.0"
3040,"3040,65.82,29.0"
3041,"3041,65.84,25.0"
3042,"3042,65.86,31.0"
3043,"3043,65.88,21.0"
3044,"3044,65.9,26.0"
3045,"3045,65.92,22.0"
3046,"3046,65.94,30.0"
3047,"3047,65.96,29.0"
3048,"3048,65.98,25.0"
3049,"3049,66.0,16.0"
3050,"3050,66.02,15.0"
3051,"3051,66.04,15.0"
3052,"3052,66.06,14.0"
3053,"3053,66.08,25.0"
3054,"3054,66.1,13.0"
3055,"3055,66.12,13.0"
3056,"3056,66.14,18.0"
3057,"3057,66.16,13.0"
3058,"3058,66.18,14.0"
3059,"3059,66.2,20.0"
3060,"3060,66.22,25.0"
3061,"3061,66.24,11.0"
3062,"3062,66.26,26.0"
3063,"3063,66.28,10.0"
3064,"3064,66.3,21.0"
3065,"3065,66.32,16.0"
3066,"3066,66.34,24.0"
3067,"3067,66.36,15.0"
3068,"3068,66.38,20.0"
3069,"3069,66.4,16.0"
3070,"3070,66.42,19.0"
3071,"3071,66.44,25.0"
3072,"3072,66.46,17.0"
3073,"3073,66.48,18.0"
3074,"3074,66.5,17.0"
3075,"3075,66.52,16.0"
3076,"3076,66.54,22.0"
3077,"3077,66.56,20.0"
3078,"3078,66.58,22.0"
3079,"3079,66.6,24.0"
3080,"3080,66.62,17.0"
3081,"3081,66.64,25.0"
3082,"3082,66.66,17.0"
3083,"3083,66.68,22.0"
3084,"3084,66.7,18.0"
3085,"3085,66.72,20.0"
3086,"3086,66.74,17.0"
3087,"3087,66.76,16.0"
3088,"3088,66.78,19.0"
3089,"3089,66.8,19.0"
3090,"3090,66.82,14.0"
3091,"3091,66.84,17.0"
3092,"3092,66.86,17.0"
3093,"3093,66.88,21.0"
3094,"3094,66.9,12.0"
3095,"3095,66.92,10.0"
3096,"3096,66.94,17.0"
3097,"3097,66.96,20.0"
3098,"3098,66.98,20.0"
3099,"3099,67.0,16.0"
3100,"3100,67.02,24.0"
3101,"3101,67.04,17.0"
3102,"3102,67.06,17.0"
3103,"3103,67.08,18.0"
3104,"3104,67.1,16.0"
3105,"3105,67.12,22.0"
3106,"3106,67.14,22.0"
3107,"3107,67.16,22.0"
3108,"3108,67.18,24.0"
3109,"3109,67.2,17.0"
3110,"3110,67.22,24.0"
3111,"3111,67.24,22.0"
3112,"3112,67.26,21.0"
3113,"3113,67.28,18.0"
3114,"3114,67.3,25.0"
3115,"3115,67.32,27.0"
3116,"3116,67.34,21.0"
3117,"3117,67.36,21.0"
3118,"3118,67.38,27.0"
3119,"3119,67.4,20.0"
3120,"3120,67.42,35.0"
3121,"3121,67.44,35.0"
3122,"3122,67.46,30.0"
3123,"3123,67.48,21.0"
3124,"3124,67.5,29.0"
3125,"3125,67.52,38.0"
3126,"3126,67.54,56.0"
3127,"3127,67.56,62.0"
3128,"3128,67.58,55.0"
3129,"3129,67.6,70.0"
3130,"3130,67.62,117.0"
3131,"3131,67.64,165.0"
3132,"3132,67.66,206.0"
3133,"3133,67.68,295.0"
3134,"3134,67.7,356.0"
3135,"3135,67.72,402.0"
3136,"3136,67.74,304.0"
3137,"3137,67.76,216.0"
3138,"3138,67.78,143.0"
3139,"3139,67.8,108.0"
3140,"3140,67.82,112.0"
3141,"3141,67.84,103.0"
3142,"3142,67.86,137.0"
3143,"3143,67.88,191.0"
3144,"3144,67.9,213.0"
3145,"3145,67.92,232.0"
3146,"3146,67.94,181.0"
3147,"3147,67.96,105.0"
3148,"3148,67.98,103.0"
3149,"3149,68.0,87.0"
3150,"3150,68.02,127.0"
3151,"3151,68.04,149.0"
3152,"3152,68.06,214.0"
3153,"3153,68.08,265.0"
3154,"3154,68.1,327.0"
3155,"3155,68.12,338.0"
3156,"3156,68.14,282.0"
3157,"3157,68.16,188.0"
3158,"3158,68.18,164.0"
3159,"3159,68.2,165.0"
3160,"3160,68.22,234.0"
3161,"3161,68.24,302.0"
3162,"3162,68.26,343.0"
3163,"3163,68.28,391.0"
3164,"3164,68.3,394.0"
3165,"3165,68.32,302.0"
3166,"3166,68.34,179.0"
3167,"3167,68.36,154.0"
3168,"3168,68.38,114.0"
3169,"3169,68.4,103.0"
3170,"3170,68.42,129.0"
3171,"3171,68.44,134.0"
3172,"3172,68.46,150.0"
3173,"3173,68.48,150.0"
3174,"3174,68.5,98.0"
3175,"3175,68.52,58.0"
3176,"3176,68.54,56.0"
3177,"3177,68.56,47.0"
3178,"3178,68.58,33.0"
3179,"3179,68.6,25.0"
3180,"3180,68.62,32.0"
3181,"3181,68.64,17.0"
3182,"3182,68.66,24.0"
3183,"3183,68.68,25.0"
3184,"3184,68.7,19.0"
3185,"3185,68.72,33.0"
3186,"3186,68.74,16.0"
3187,"3187,68.76,15.0"
3188,"3188,68.78,13.0"
3189,"3189,68.8,16.0"
3190,"3190,68.82,25.0"
3191,"3191,68.84,27.0"
3192,"3192,68.86,27.0"
3193,"3193,68.88,23.0"
3194,"3194,68.9,23.0"
3195,"3195,68.92,19.0"
3196,"3196,68.94,11.0"
3197,"3197,68.96,22.0"
3198,"3198,68.98,19.0"
3199,"3199,69.0,21.0"
3200,"3200,69.02,19.0"
3201,"3201,69.04,15.0"
3202,"3202,69.06,22.0"
3203,"3203,69.08,17.0"
3204,"3204,69.1,12.0"
3205,"3205,69.12,16.0"
3206,"3206,69.14,22.0"
3207,"3207,69.16,16.0"
3208,"3208,69.18,21.0"
3209,"3209,69.2,20.0"
3210,"3210,69.22,12.0"
3211,"3211,69.24,13.0"
3212,"3212,69.26,23.0"
3213,"3213,69.28,17.0"
3214,"3214,69.3,13.0"
3215,"3215,69.32,13.0"
3216,"3216,69.34,22.0"
3217,"3217,69.36,18.0"
3218,"3218,69.38,18.0"
3219,"3219,69.4,15.0"
3220,"3220,69.42,10.0"
3221,"3221,69.44,14.0"
3222,"3222,69.46,17.0"
3223,"3223,69.48,19.0"
3224,"3224,69.5,16.0"
3225,"3225,69.52,14.0"
3226,"3226,69.54,15.0"
3227,"3227,69.56,11.0"
3228,"3228,69.58,19.0"
3229,"3229,69.6,16.0"
3230,"3230,69.62,20.0"
3231,"3231,69.64,11.0"
3232,"3232,69.66,14.0"
3233,"3233,69.68,21.0"
3234,"3234,69.7,25.0"
3235,"3235,69.72,16.0"
3236,"3236,69.74,19.0"
3237,"3237,69.76,20.0"
3238,"3238,69.78,19.0"
3239,"3239,69.8,20.0"
3240,"3240,69.82,19.0"
3241,"3241,69.84,21.0"
3242,"3242,69.86,11.0"
3243,"3243,69.88,14.0"
3244,"3244,69.9,20.0"
3245,"3245,69.92,22.0"
3246,"3246,69.94,14.0"
3247,"3247,69.96,9.0"
3248,"3248,69.98,15.0"
3249,"3249,70.0,14.0"
3250,"3250,70.02,18.0"
3251,"3251,70.04,15.0"
3252,"3252,70.06,15.0"
3253,"3253,70.08,11.0"
3254,"3254,70.1,18.0"
3255,"3255,70.12,19.0"
3256,"3256,70.14,15.0"
3257,"3257,70.16,14.0"
3258,"3258,70.18,14.0"
3259,"3259,70.2,10.0"
3260,"3260,70.22,16.0"
3261,"3261,70.24,15.0"
3262,"3262,70.26,11.0"
3263,"3263,70.28,18.0"
3264,"3264,70.3,14.0"
3265,"3265,70.32,13.0"
3266,"3266,70.34,13.0"
3267,"3267,70.36,17.0"
3268,"3268,70.38,9.0"
3269,"3269,70.4,14.0"
3270,"3270,70.42,16.0"
3271,"3271,70.44,14.0"
3272,"3272,70.46,17.0"
3273,"3273,70.48,15.0"
3274,"3274,70.5,17.0"
3275,"3275,70.52,10.0"
3276,"3276,70.54,17.0"
3277,"3277,70.56,11.0"
3278,"3278,70.58,13.0"
3279,"3279,70.6,15.0"
3280,"3280,70.62,15.0"
3281,"3281,70.64,16.0"
3282,"3282,70.66,14.0"
3283,"3283,70.68,17.0"
3284,"3284,70.7,13.0"
3285,"3285,70.72,17.0"
3286,"3286,70.74,12.0"
3287,"3287,70.76,20.0"
3288,"3288,70.78,14.0"
3289,"3289,70.8,20.0"
3290,"3290,70.82,12.0"
3291,"3291,70.84,16.0"
3292,"3292,70.86,14.0"
3293,"3293,70.88,18.0"
3294,"3294,70.9,11.0"
3295,"3295,70.92,23.0"
3296,"3296,70.94,13.0"
3297,"3297,70.96,18.0"
3298,"3298,70.98,15.0"
3299,"3299,71.0,13.0"
3300,"3300,71.02,18.0"
3301,"3301,71.04,16.0"
3302,"3302,71.06,13.0"
3303,"3303,71.08,20.0"
3304,"3304,71.1,19.0"
3305,"3305,71.12,15.0"
3306,"3306,71.14,11.0"
3307,"3307,71.16,16.0"
3308,"3308,71.18,8.0"
3309,"3309,71.2,9.0"
3310,"3310,71.22,18.0"
3311,"3311,71.24,16.0"
3312,"3312,71.26,14.0"
3313,"3313,71.28,12.0"
3314,"3314,71.3,13.0"
3315,"3315,71.32,22.0"
3316,"3316,71.34,10.0"
3317,"3317,71.36,8.0"
3318,"3318,71.38,17.0"
3319,"3319,71.4,9.0"
3320,"3320,71.42,12.0"
3321,"3321,71.44,14.0"
3322,"3322,71.46,14.0"
3323,"3323,71.48,14.0"
3324,"3324,71.5,24.0"
3325,"3325,71.52,12.0"
3326,"3326,71.54,19.0"
3327,"3327,71.56,17.0"
3328,"3328,71.58,24.0"
3329,"3329,71.6,21.0"
3330,"3330,71.62,13.0"
3331,"3331,71.64,10.0"
3332,"3332,71.66,22.0"
3333,"3333,71.68,16.0"
3334,"3334,71.7,17.0"
3335,"3335,71.72,8.0"
3336,"3336,71.74,16.0"
3337,"3337,71.76,11.0"
3338,"3338,71.78,13.0"
3339,"3339,71.8,18.0"
3340,"3340,71.82,15.0"
3341,"3341,71.84,14.0"
3342,"3342,71.86,12.0"
3343,"3343,71.88,14.0"
3344,"3344,71.9,17.0"
3345,"3345,71.92,10.0"
3346,"3346,71.94,17.0"
3347,"3347,71.96,21.0"
3348,"3348,71.98,20.0"
3349,"3349,72.0,14.0"
3350,"3350,72.02,18.0"
3351,"3351,72.04,13.0"
3352,"3352,72.06,17.0"
3353,"3353,72.08,11.0"
3354,"3354,72.1,15.0"
3355,"3355,72.12,15.0"
3356,"3356,72.14,17.0"
3357,"3357,72.16,16.0"
3358,"3358,72.18,20.0"
3359,"3359,72.2,14.0"
3360,"3360,72.22,15.0"
3361,"3361,72.24,14.0"
3362,"3362,72.26,17.0"
3363,"3363,72.28,16.0"
3364,"3364,72.3,20.0"
3365,"3365,72.32,11.0"
3366,"3366,72.34,13.0"
3367,"3367,72.36,6.0"
3368,"3368,72.38,21.0"
3369,"3369,72.4,15.0"
3370,"3370,72.42,11.0"
3371,"3371,72.44,12.0"
3372,"3372,72.46,20.0"
3373,"3373,72.48,9.0"
3374,"3374,72.5,16.0"
3375,"3375,72.52,8.0"
3376,"3376,72.54,13.0"
3377,"3377,72.56,20.0"
3378,"3378,72.58,17.0"
3379,"3379,72.6,18.0"
3380,"3380,72.62,14.0"
3381,"3381,72.64,13.0"
3382,"3382,72.66,11.0"
3383,"3383,72.68,10.0"
3384,"3384,72.7,25.0"
3385,"3385,72.72,16.0"
3386,"3386,72.74,12.0"
3387,"3387,72.76,22.0"
3388,"3388,72.78,11.0"
3389,"3389,72.8,16.0"
3390,"3390,72.82,9.0"
3391,"3391,72.84,22.0"
3392,"3392,72.86,18.0"
3393,"3393,72.88,15.0"
3394,"3394,72.9,23.0"
3395,"3395,72.92,19.0"
3396,"3396,72.94,10.0"
3397,"3397,72.96,19.0"
3398,"3398,72.98,8.0"
3399,"3399,73.0,20.0"
3400,"3400,73.02,13.0"
3401,"3401,73.04,13.0"
3402,"3402,73.06,20.0"
3403,"3403,73.08,14.0"
3404,"3404,73.1,10.0"
3405,"3405,73.12,15.0"
3406,"3406,73.14,20.0"
3407,"3407,73.16,17.0"
3408,"3408,73.18,18.0"
3409,"3409,73.2,22.0"
3410,"3410,73.22,18.0"
3411,"3411,73.24,22.0"
3412,"3412,73.26,21.0"
3413,"3413,73.28,23.0"
3414,"3414,73.3,30.0"
3415,"3415,73.32,42.0"
3416,"3416,73.34,45.0"
3417,"3417,73.36,47.0"
3418,"3418,73.38,71.0"
3419,"3419,73.4,96.0"
3420,"3420,73.42,127.0"
3421,"3421,73.44,120.0"
3422,"3422,73.46,80.0"
3423,"3423,73.48,63.0"
3424,"3424,73.5,55.0"
3425,"3425,73.52,49.0"
3426,"3426,73.54,31.0"
3427,"3427,73.56,38.0"
3428,"3428,73.58,39.0"
3429,"3429,73.6,53.0"
3430,"3430,73.62,54.0"
3431,"3431,73.64,79.0"
3432,"3432,73.66,54.0"
3433,"3433,73.68,42.0"
3434,"3434,73.7,36.0"
3435,"3435,73.72,22.0"
3436,"3436,73.74,22.0"
3437,"3437,73.76,20.0"
3438,"3438,73.78,22.0"
3439,"3439,73.8,16.0"
3440,"3440,73.82,14.0"
3441,"3441,73.84,16.0"
3442,"3442,73.86,19.0"
3443,"3443,73.88,17.0"
3444,"3444,73.9,16.0"
3445,"3445,73.92,17.0"
3446,"3446,73.94,16.0"
3447,"3447,73.96,17.0"
3448,"3448,73.98,19.0"
3449,"3449,74.0,19.0"
3450,"3450,74.02,21.0"
3451,"3451,74.04,13.0"
3452,"3452,74.06,17.0"
3453,"3453,74.08,8.0"
3454,"3454,74.1,20.0"
3455,"3455,74.12,21.0"
3456,"3456,74.14,15.0"
3457,"3457,74.16,18.0"
3458,"3458,74.18,10.0"
3459,"3459,74.2,11.0"
3460,"3460,74.22,22.0"
3461,"3461,74.24,15.0"
3462,"3462,74.26,14.0"
3463,"3463,74.28,17.0"
3464,"3464,74.3,16.0"
3465,"3465,74.32,18.0"
3466,"3466,74.34,14.0"
3467,"3467,74.36,19.0"
3468,"3468,74.38,13.0"
3469,"3469,74.4,17.0"
3470,"3470,74.42,16.0"
3471,"3471,74.44,23.0"
3472,"3472,74.46,14.0"
3473,"3473,74.48,11.0"
3474,"3474,74.5,14.0"
3475,"3475,74.52,20.0"
3476,"3476,74.54,14.0"
3477,"3477,74.56,17.0"
3478,"3478,74.58,12.0"
3479,"3479,74.6,24.0"
3480,"3480,74.62,11.0"
3481,"3481,74.64,15.0"
3482,"3482,74.66,12.0"
3483,"3483,74.68,13.0"
3484,"3484,74.7,18.0"
3485,"3485,74.72,10.0"
3486,"3486,74.74,14.0"
3487,"3487,74.76,18.0"
3488,"3488,74.78,19.0"
3489,"3489,74.8,17.0"
3490,"3490,74.82,18.0"
3491,"3491,74.84,22.0"
3492,"3492,74.86,14.0"
3493,"3493,74.88,13.0"
3494,"3494,74.9,21.0"
3495,"3495,74.92,11.0"
3496,"3496,74.94,16.0"
3497,"3497,74.96,14.0"
3498,"3498,74.98,25.0"
3499,"3499,75.0,19.0"
3500,"3500,75.02,15.0"
3501,"3501,75.04,22.0"
3502,"3502,75.06,12.0"
3503,"3503,75.08,19.0"
3504,"3504,75.1,12.0"
3505,"3505,75.12,13.0"
3506,"3506,75.14,21.0"
3507,"3507,75.16,17.0"
3508,"3508,75.18,14.0"
3509,"3509,75.2,15.0"
3510,"3510,75.22,21.0"
3511,"3511,75.24,16.0"
3512,"3512,75.26,19.0"
3513,"3513,75.28,17.0"
3514,"3514,75.3,16.0"
3515,"3515,75.32,20.0"
3516,"3516,75.34,17.0"
3517,"3517,75.36,15.0"
3518,"3518,75.38,17.0"
3519,"3519,75.4,14.0"
3520,"3520,75.42,24.0"
3521,"3521,75.44,31.0"
3522,"3522,75.46,37.0"
3523,"3523,75.48,29.0"
3524,"3524,75.5,44.0"
3525,"3525,75.52,45.0"
3526,"3526,75.54,61.0"
3527,"3527,75.56,116.0"
3528,"3528,75.58,118.0"
3529,"3529,75.6,175.0"
3530,"3530,75.62,207.0"
3531,"3531,75.64,173.0"
3532,"3532,75.66,107.0"
3533,"3533,75.68,94.0"
3534,"3534,75.7,64.0"
3535,"3535,75.72,51.0"
3536,"3536,75.74,59.0"
3537,"3537,75.76,47.0"
3538,"3538,75.78,66.0"
3539,"3539,75.8,69.0"
3540,"3540,75.82,113.0"
3541,"3541,75.84,114.0"
3542,"3542,75.86,89.0"
3543,"3543,75.88,83.0"
3544,"3544,75.9,70.0"
3545,"3545,75.92,39.0"
3546,"3546,75.94,47.0"
3547,"3547,75.96,26.0"
3548,"3548,75.98,29.0"
3549,"3549,76.0,14.0"
3550,"3550,76.02,30.0"
3551,"3551,76.04,15.0"
3552,"3552,76.06,19.0"
3553,"3553,76.08,12.0"
3554,"3554,76.1,17.0"
3555,"3555,76.12,16.0"
3556,"3556,76.14,20.0"
3557,"3557,76.16,15.0"
3558,"3558,76.18,20.0"
3559,"3559,76.2,16.0"
3560,"3560,76.22,17.0"
3561,"3561,76.24,19.0"
3562,"3562,76.26,18.0"
3563,"3563,76.28,14.0"
3564,"3564,76.3,19.0"
3565,"3565,76.32,15.0"
3566,"3566,76.34,18.0"
3567,"3567,76.36,12.0"
3568,"3568,76.38,11.0"
3569,"3569,76.4,18.0"
3570,"3570,76.42,16.0"
3571,"3571,76.44,16.0"
3572,"3572,76.46,15.0"
3573,"3573,76.48,19.0"
3574,"3574,76.5,19.0"
3575,"3575,76.52,17.0"
3576,"3576,76.54,23.0"
3577,"3577,76.56,13.0"
3578,"3578,76.58,20.0"
3579,"3579,76.6,16.0"
3580,"3580,76.62,10.0"
3581,"3581,76.64,11.0"
3582,"3582,76.66,18.0"
3583,"3583,76.68,19.0"
3584,"3584,76.7,19.0"
3585,"3585,76.72,19.0"
3586,"3586,76.74,8.0"
3587,"3587,76.76,9.0"
3588,"3588,76.78,14.0"
3589,"3589,76.8,13.0"
3590,"3590,76.82,16.0"
3591,"3591,76.84,12.0"
3592,"3592,76.86,18.0"
3593,"3593,76.88,8.0"
3594,"3594,76.9,15.0"
3595,"3595,76.92,13.0"
3596,"3596,76.94,11.0"
3597,"3597,76.96,25.0"
3598,"3598,76.98,16.0"
3599,"3599,77.0,19.0"
3600,"3600,77.02,13.0"
3601,"3601,77.04,21.0"
3602,"3602,77.06,13.0"
3603,"3603,77.08,13.0"
3604,"3604,77.1,18.0"
3605,"3605,77.12,13.0"
3606,"3606,77.14,15.0"
3607,"3607,77.16,14.0"
3608,"3608,77.18,15.0"
3609,"3609,77.2,18.0"
3610,"3610,77.22,15.0"
3611,"3611,77.24,18.0"
3612,"3612,77.26,17.0"
3613,"3613,77.28,12.0"
3614,"3614,77.3,16.0"
3615,"3615,77.32,15.0"
3616,"3616,77.34,17.0"
3617,"3617,77.36,23.0"
3618,"3618,77.38,12.0"
3619,"3619,77.4,18.0"
3620,"3620,77.42,22.0"
3621,"3621,77.44,27.0"
3622,"3622,77.46,22.0"
3623,"3623,77.48,30.0"
3624,"3624,77.5,27.0"
3625,"3625,77.52,33.0"
3626,"3626,77.54,38.0"
3627,"3627,77.56,37.0"
3628,"3628,77.58,46.0"
3629,"3629,77.6,64.0"
3630,"3630,77.62,61.0"
3631,"3631,77.64,87.0"
3632,"3632,77.66,60.0"
3633,"3633,77.68,52.0"
3634,"3634,77.7,28.0"
3635,"3635,77.72,32.0"
3636,"3636,77.74,35.0"
3637,"3637,77.76,39.0"
3638,"3638,77.78,27.0"
3639,"3639,77.8,29.0"
3640,"3640,77.82,39.0"
3641,"3641,77.84,42.0"
3642,"3642,77.86,45.0"
3643,"3643,77.88,47.0"
3644,"3644,77.9,33.0"
3645,"3645,77.92,24.0"
3646,"3646,77.94,17.0"
3647,"3647,77.96,22.0"
3648,"3648,77.98,8.0"
3649,"3649,78.0,15.0"
3650,"3650,78.02,17.0"
3651,"3651,78.04,10.0"
3652,"3652,78.06,17.0"
3653,"3653,78.08,19.0"
3654,"3654,78.1,13.0"
3655,"3655,78.12,14.0"
3656,"3656,78.14,15.0"
3657,"3657,78.16,11.0"
3658,"3658,78.18,16.0"
3659,"3659,78.2,14.0"
3660,"3660,78.22,13.0"
3661,"3661,78.24,16.0"
3662,"3662,78.26,17.0"
3663,"3663,78.28,7.0"
3664,"3664,78.3,12.0"
3665,"3665,78.32,18.0"
3666,"3666,78.34,25.0"
3667,"3667,78.36,15.0"
3668,"3668,78.38,21.0"
3669,"3669,78.4,11.0"
3670,"3670,78.42,16.0"
3671,"3671,78.44,22.0"
3672,"3672,78.46,16.0"
3673,"3673,78.48,16.0"
3674,"3674,78.5,15.0"
3675,"3675,78.52,13.0"
3676,"3676,78.54,18.0"
3677,"3677,78.56,7.0"
3678,"3678,78.58,14.0"
3679,"3679,78.6,24.0"
3680,"3680,78.62,22.0"
3681,"3681,78.64,11.0"
3682,"3682,78.66,17.0"
3683,"3683,78.68,8.0"
3684,"3684,78.7,18.0"
3685,"3685,78.72,12.0"
3686,"3686,78.74,19.0"
3687,"3687,78.76,13.0"
3688,"3688,78.78,11.0"
3689,"3689,78.8,16.0"
3690,"3690,78.82,17.0"
3691,"3691,78.84,16.0"
3692,"3692,78.86,14.0"
3693,"3693,78.88,17.0"
3694,"3694,78.9,22.0"
3695,"3695,78.92,19.0"
3696,"3696,78.94,9.0"
3697,"3697,78.96,17.0"
3698,"3698,78.98,14.0"
3699,"3699,79.0,22.0"
3700,"3700,79.02,16.0"
3701,"3701,79.04,15.0"
3702,"3702,79.06,15.0"
3703,"3703,79.08,7.0"
3704,"3704,79.1,15.0"
3705,"3705,79.12,12.0"
3706,"3706,79.14,13.0"
3707,"3707,79.16,20.0"
3708,"3708,79.18,11.0"
3709,"3709,79.2,12.0"
3710,"3710,79.22,17.0"
3711,"3711,79.24,14.0"
3712,"3712,79.26,26.0"
3713,"3713,79.28,16.0"
3714,"3714,79.3,11.0"
3715,"3715,79.32,13.0"
3716,"3716,79.34,18.0"
3717,"3717,79.36,12.0"
3718,"3718,79.38,18.0"
3719,"3719,79.4,20.0"
3720,"3720,79.42,11.0"
3721,"3721,79.44,7.0"
3722,"3722,79.46,18.0"
3723,"3723,79.48,23.0"
3724,"3724,79.5,15.0"
3725,"3725,79.52,16.0"
3726,"3726,79.54,16.0"
3727,"3727,79.56,19.0"
3728,"3728,79.58,20.0"
3729,"3729,79.6,25.0"
3730,"3730,79.62,23.0"
3731,"3731,79.64,17.0"
3732,"3732,79.66,30.0"
3733,"3733,79.68,28.0"
3734,"3734,79.7,20.0"
3735,"3735,79.72,49.0"
3736,"3736,79.74,43.0"
3737,"3737,79.76,63.0"
3738,"3738,79.78,88.0"
3739,"3739,79.8,108.0"
3740,"3740,79.82,148.0"
3741,"3741,79.84,218.0"
3742,"3742,79.86,253.0"
3743,"3743,79.88,170.0"
3744,"3744,79.9,138.0"
3745,"3745,79.92,104.0"
3746,"3746,79.94,64.0"
3747,"3747,79.96,71.0"
3748,"3748,79.98,80.0"
3749,"3749,80.0,81.0"
